timestamp_utc	instance_type	availability_zone	spot_price_usd_per_hour
2026-07-05T07:00:00+00:00	g6e.xlarge	us-east-1c	1.831400
2026-07-05T09:00:00+00:00	g6e.2xlarge	us-east-1b	2.206400
2026-07-05T09:00:00+00:00	g6e.2xlarge	us-east-1c	1.785600
2026-07-05T09:00:00+00:00	g6e.xlarge	us-east-1d	1.637900
2026-07-05T10:00:00+00:00	g6e.xlarge	us-east-1a	1.831400
2026-07-05T10:00:00+00:00	g6e.xlarge	us-east-1b	1.831400
2026-07-05T10:00:00+00:00	g6e.xlarge	us-east-1c	1.831400
2026-07-05T12:00:00+00:00	g6e.2xlarge	us-east-1a	2.114800
2026-07-05T12:00:00+00:00	g6e.2xlarge	us-east-1d	1.960900
2026-07-05T13:00:00+00:00	g6e.2xlarge	us-east-1b	2.207400
2026-07-05T14:00:00+00:00	g6e.2xlarge	us-east-1c	1.793200
2026-07-05T14:00:00+00:00	g6e.xlarge	us-east-1b	1.832200
2026-07-05T14:00:00+00:00	g6e.xlarge	us-east-1c	1.832200
2026-07-05T15:00:00+00:00	g6e.xlarge	us-east-1a	1.832200
2026-07-05T16:00:00+00:00	g6e.2xlarge	us-east-1d	1.956200
2026-07-05T17:00:00+00:00	g6e.2xlarge	us-east-1a	2.119800
2026-07-05T17:00:00+00:00	g6e.xlarge	us-east-1b	1.832200
2026-07-05T17:00:00+00:00	g6e.xlarge	us-east-1c	1.832200
2026-07-05T17:00:00+00:00	g6e.xlarge	us-east-1d	1.664200
2026-07-05T19:00:00+00:00	g6e.2xlarge	us-east-1c	1.802800
2026-07-05T20:00:00+00:00	g6e.xlarge	us-east-1b	1.833300
2026-07-05T21:00:00+00:00	g6e.2xlarge	us-east-1b	2.208700
2026-07-05T21:00:00+00:00	g6e.xlarge	us-east-1a	1.833300
2026-07-05T23:00:00+00:00	g6e.2xlarge	us-east-1d	1.959000
2026-07-06T00:00:00+00:00	g6e.2xlarge	us-east-1a	2.121000
2026-07-06T01:00:00+00:00	g6e.xlarge	us-east-1c	1.834500
2026-07-06T01:00:00+00:00	g6e.xlarge	us-east-1d	1.699900
2026-07-06T02:00:00+00:00	g6e.2xlarge	us-east-1b	2.204900
2026-07-06T02:00:00+00:00	g6e.2xlarge	us-east-1c	1.816000
2026-07-06T02:00:00+00:00	g6e.2xlarge	us-east-1d	1.962500
2026-07-06T02:00:00+00:00	g6e.xlarge	us-east-1a	1.834500
2026-07-06T04:00:00+00:00	g6e.2xlarge	us-east-1a	2.125300
2026-07-06T04:00:00+00:00	g6e.xlarge	us-east-1b	1.834500
2026-07-06T05:00:00+00:00	g6e.2xlarge	us-east-1c	1.816000
2026-07-06T05:00:00+00:00	g6e.xlarge	us-east-1c	1.834500
2026-07-06T05:00:00+00:00	g6e.xlarge	us-east-1d	1.736300
2026-07-06T06:00:00+00:00	g6e.2xlarge	us-east-1b	2.204900
2026-07-06T06:00:00+00:00	g6e.2xlarge	us-east-1d	1.962500
2026-07-06T07:00:00+00:00	g6e.xlarge	us-east-1b	1.835800
2026-07-06T09:00:00+00:00	g6e.2xlarge	us-east-1a	2.129800
2026-07-06T10:00:00+00:00	g6e.2xlarge	us-east-1c	1.831300
2026-07-06T10:00:00+00:00	g6e.xlarge	us-east-1a	1.835800
2026-07-06T10:00:00+00:00	g6e.xlarge	us-east-1b	1.835800
2026-07-06T10:00:00+00:00	g6e.xlarge	us-east-1d	1.720400
2026-07-06T12:00:00+00:00	g6e.2xlarge	us-east-1d	1.958000
2026-07-06T12:00:00+00:00	g6e.xlarge	us-east-1c	1.835800
2026-07-06T13:00:00+00:00	g6e.2xlarge	us-east-1b	2.213200
2026-07-06T14:00:00+00:00	g6e.2xlarge	us-east-1c	1.839400
2026-07-06T15:00:00+00:00	g6e.xlarge	us-east-1a	1.837000
2026-07-06T16:00:00+00:00	g6e.2xlarge	us-east-1a	2.133800
2026-07-06T16:00:00+00:00	g6e.2xlarge	us-east-1b	2.213200
2026-07-06T17:00:00+00:00	g6e.xlarge	us-east-1d	1.707700
2026-07-06T18:00:00+00:00	g6e.xlarge	us-east-1b	1.837100
2026-07-06T19:00:00+00:00	g6e.2xlarge	us-east-1a	2.135700
2026-07-06T20:00:00+00:00	g6e.2xlarge	us-east-1d	1.964800
2026-07-06T20:00:00+00:00	g6e.xlarge	us-east-1c	1.838200
2026-07-06T20:00:00+00:00	g6e.xlarge	us-east-1d	1.695000
2026-07-06T22:00:00+00:00	g6e.2xlarge	us-east-1a	2.140000
2026-07-06T22:00:00+00:00	g6e.2xlarge	us-east-1b	2.214600
2026-07-06T22:00:00+00:00	g6e.2xlarge	us-east-1c	1.857600
2026-07-06T23:00:00+00:00	g6e.xlarge	us-east-1a	1.838200
2026-07-06T23:00:00+00:00	g6e.xlarge	us-east-1c	1.838200
2026-07-07T00:00:00+00:00	g6e.xlarge	us-east-1d	1.664600
2026-07-07T01:00:00+00:00	g6e.xlarge	us-east-1b	1.839100
2026-07-07T02:00:00+00:00	g6e.2xlarge	us-east-1a	2.147000
2026-07-07T02:00:00+00:00	g6e.xlarge	us-east-1c	1.839100
2026-07-07T03:00:00+00:00	g6e.2xlarge	us-east-1b	2.215700
2026-07-07T03:00:00+00:00	g6e.2xlarge	us-east-1d	1.997800
2026-07-07T04:00:00+00:00	g6e.2xlarge	us-east-1c	1.860400
2026-07-07T05:00:00+00:00	g6e.xlarge	us-east-1a	1.839100
2026-07-07T06:00:00+00:00	g6e.2xlarge	us-east-1a	2.147000
2026-07-07T06:00:00+00:00	g6e.2xlarge	us-east-1b	2.215700
2026-07-07T06:00:00+00:00	g6e.xlarge	us-east-1b	1.839100
2026-07-07T06:00:00+00:00	g6e.xlarge	us-east-1d	1.659000
2026-07-07T07:00:00+00:00	g6e.2xlarge	us-east-1c	1.885300
2026-07-07T07:00:00+00:00	g6e.2xlarge	us-east-1d	2.009500
2026-07-07T08:00:00+00:00	g6e.xlarge	us-east-1a	1.839500
2026-07-07T09:00:00+00:00	g6e.xlarge	us-east-1d	1.639800
2026-07-07T10:00:00+00:00	g6e.xlarge	us-east-1c	1.839500
2026-07-07T11:00:00+00:00	g6e.2xlarge	us-east-1c	1.887500
2026-07-07T12:00:00+00:00	g6e.2xlarge	us-east-1d	2.009500
2026-07-07T12:00:00+00:00	g6e.xlarge	us-east-1b	1.839500
2026-07-07T14:00:00+00:00	g6e.2xlarge	us-east-1a	2.151100
2026-07-07T14:00:00+00:00	g6e.2xlarge	us-east-1b	2.216900
2026-07-07T15:00:00+00:00	g6e.2xlarge	us-east-1d	2.016200
2026-07-07T15:00:00+00:00	g6e.xlarge	us-east-1b	1.840100
2026-07-07T16:00:00+00:00	g6e.xlarge	us-east-1a	1.840100
2026-07-07T16:00:00+00:00	g6e.xlarge	us-east-1d	1.619500
2026-07-07T17:00:00+00:00	g6e.xlarge	us-east-1c	1.840100
2026-07-07T18:00:00+00:00	g6e.2xlarge	us-east-1a	2.151100
2026-07-07T18:00:00+00:00	g6e.2xlarge	us-east-1b	2.216900
2026-07-07T19:00:00+00:00	g6e.2xlarge	us-east-1c	1.893000
2026-07-07T19:00:00+00:00	g6e.2xlarge	us-east-1d	2.033700
2026-07-07T20:00:00+00:00	g6e.xlarge	us-east-1b	1.840700
2026-07-07T21:00:00+00:00	g6e.2xlarge	us-east-1a	2.150200
2026-07-07T22:00:00+00:00	g6e.xlarge	us-east-1c	1.840700
2026-07-07T23:00:00+00:00	g6e.2xlarge	us-east-1b	2.217600
2026-07-07T23:00:00+00:00	g6e.2xlarge	us-east-1c	1.893000
2026-07-07T23:00:00+00:00	g6e.xlarge	us-east-1a	1.840700
2026-07-08T00:00:00+00:00	g6e.xlarge	us-east-1d	1.594200
2026-07-08T01:00:00+00:00	g6e.2xlarge	us-east-1a	2.151700
2026-07-08T01:00:00+00:00	g6e.2xlarge	us-east-1d	2.046900
2026-07-08T02:00:00+00:00	g6e.xlarge	us-east-1c	1.841400
2026-07-08T03:00:00+00:00	g6e.xlarge	us-east-1b	1.841400
2026-07-08T04:00:00+00:00	g6e.xlarge	us-east-1a	1.841400
2026-07-08T06:00:00+00:00	g6e.2xlarge	us-east-1d	2.046900
2026-07-08T06:00:00+00:00	g6e.xlarge	us-east-1c	1.841400
2026-07-08T07:00:00+00:00	g6e.2xlarge	us-east-1b	2.219000
2026-07-08T07:00:00+00:00	g6e.2xlarge	us-east-1c	1.902900
2026-07-08T07:00:00+00:00	g6e.xlarge	us-east-1b	1.841900
2026-07-08T07:00:00+00:00	g6e.xlarge	us-east-1d	1.583300
2026-07-08T09:00:00+00:00	g6e.2xlarge	us-east-1a	2.154700
2026-07-08T09:00:00+00:00	g6e.xlarge	us-east-1a	1.841900
2026-07-08T10:00:00+00:00	g6e.2xlarge	us-east-1c	1.902900
2026-07-08T11:00:00+00:00	g6e.2xlarge	us-east-1b	2.219000
2026-07-08T11:00:00+00:00	g6e.xlarge	us-east-1c	1.841900
2026-07-08T12:00:00+00:00	g6e.2xlarge	us-east-1d	2.051400
2026-07-08T13:00:00+00:00	g6e.2xlarge	us-east-1a	2.155100
2026-07-08T14:00:00+00:00	g6e.xlarge	us-east-1b	1.842500
2026-07-08T14:00:00+00:00	g6e.xlarge	us-east-1d	1.560700
2026-07-08T15:00:00+00:00	g6e.2xlarge	us-east-1d	2.076000
2026-07-08T16:00:00+00:00	g6e.2xlarge	us-east-1c	1.906000
2026-07-08T17:00:00+00:00	g6e.xlarge	us-east-1a	1.842500
2026-07-08T17:00:00+00:00	g6e.xlarge	us-east-1b	1.842500
2026-07-08T18:00:00+00:00	g6e.2xlarge	us-east-1b	2.219700
2026-07-08T18:00:00+00:00	g6e.xlarge	us-east-1c	1.842500
2026-07-08T20:00:00+00:00	g6e.2xlarge	us-east-1a	2.155300
2026-07-08T20:00:00+00:00	g6e.2xlarge	us-east-1c	1.906000
2026-07-08T20:00:00+00:00	g6e.xlarge	us-east-1d	1.555300
2026-07-08T21:00:00+00:00	g6e.xlarge	us-east-1b	1.843200
2026-07-08T23:00:00+00:00	g6e.2xlarge	us-east-1a	2.155300
2026-07-08T23:00:00+00:00	g6e.2xlarge	us-east-1d	2.090500
2026-07-08T23:00:00+00:00	g6e.xlarge	us-east-1d	1.553600
2026-07-09T00:00:00+00:00	g6e.xlarge	us-east-1a	1.843200
2026-07-09T01:00:00+00:00	g6e.xlarge	us-east-1c	1.843600
2026-07-09T02:00:00+00:00	g6e.2xlarge	us-east-1b	2.221100
2026-07-09T03:00:00+00:00	g6e.xlarge	us-east-1d	1.533100
2026-07-09T04:00:00+00:00	g6e.2xlarge	us-east-1a	2.155100
2026-07-09T04:00:00+00:00	g6e.2xlarge	us-east-1c	1.905800
2026-07-09T04:00:00+00:00	g6e.xlarge	us-east-1b	1.843600
2026-07-09T04:00:00+00:00	g6e.xlarge	us-east-1c	1.843600
2026-07-09T06:00:00+00:00	g6e.2xlarge	us-east-1d	2.105700
2026-07-09T07:00:00+00:00	g6e.xlarge	us-east-1a	1.843700
2026-07-09T07:00:00+00:00	g6e.xlarge	us-east-1b	1.843700
2026-07-09T08:00:00+00:00	g6e.2xlarge	us-east-1c	1.912400
2026-07-09T08:00:00+00:00	g6e.xlarge	us-east-1d	1.510800
2026-07-09T09:00:00+00:00	g6e.2xlarge	us-east-1a	2.157300
2026-07-09T09:00:00+00:00	g6e.2xlarge	us-east-1b	2.221300
2026-07-09T10:00:00+00:00	g6e.xlarge	us-east-1c	1.843700
2026-07-09T11:00:00+00:00	g6e.2xlarge	us-east-1d	2.120900
2026-07-09T12:00:00+00:00	g6e.2xlarge	us-east-1b	2.221300
2026-07-09T12:00:00+00:00	g6e.2xlarge	us-east-1c	1.912400
2026-07-09T13:00:00+00:00	g6e.xlarge	us-east-1c	1.844400
2026-07-09T14:00:00+00:00	g6e.xlarge	us-east-1a	1.844400
2026-07-09T15:00:00+00:00	g6e.2xlarge	us-east-1b	2.222100
2026-07-09T15:00:00+00:00	g6e.xlarge	us-east-1b	1.844400
2026-07-09T16:00:00+00:00	g6e.xlarge	us-east-1d	1.509100
2026-07-09T17:00:00+00:00	g6e.2xlarge	us-east-1a	2.158200
2026-07-09T19:00:00+00:00	g6e.2xlarge	us-east-1b	2.222800
2026-07-09T19:00:00+00:00	g6e.2xlarge	us-east-1d	2.144900
2026-07-09T19:00:00+00:00	g6e.xlarge	us-east-1d	1.495300
2026-07-09T20:00:00+00:00	g6e.2xlarge	us-east-1c	1.913200
2026-07-09T21:00:00+00:00	g6e.xlarge	us-east-1b	1.845000
2026-07-09T21:00:00+00:00	g6e.xlarge	us-east-1c	1.845000
2026-07-09T22:00:00+00:00	g6e.2xlarge	us-east-1b	2.222800
2026-07-09T22:00:00+00:00	g6e.xlarge	us-east-1a	1.845000
2026-07-10T00:00:00+00:00	g6e.2xlarge	us-east-1c	1.913200
2026-07-10T00:00:00+00:00	g6e.2xlarge	us-east-1d	2.155200
2026-07-10T00:00:00+00:00	g6e.xlarge	us-east-1c	1.845000
2026-07-10T01:00:00+00:00	g6e.2xlarge	us-east-1a	2.161900
2026-07-10T01:00:00+00:00	g6e.2xlarge	us-east-1b	2.223500
2026-07-10T02:00:00+00:00	g6e.xlarge	us-east-1b	1.845600
2026-07-10T02:00:00+00:00	g6e.xlarge	us-east-1d	1.485000
2026-07-10T03:00:00+00:00	g6e.2xlarge	us-east-1c	1.914600
2026-07-10T05:00:00+00:00	g6e.xlarge	us-east-1b	1.845600
2026-07-10T06:00:00+00:00	g6e.2xlarge	us-east-1a	2.161900
2026-07-10T06:00:00+00:00	g6e.xlarge	us-east-1a	1.845600
2026-07-10T07:00:00+00:00	g6e.2xlarge	us-east-1d	2.182400
2026-07-10T07:00:00+00:00	g6e.xlarge	us-east-1c	1.846100
2026-07-10T09:00:00+00:00	g6e.2xlarge	us-east-1b	2.224100
2026-07-10T09:00:00+00:00	g6e.xlarge	us-east-1b	1.846100
2026-07-10T10:00:00+00:00	g6e.2xlarge	us-east-1c	1.919100
2026-07-10T10:00:00+00:00	g6e.xlarge	us-east-1c	1.846100
2026-07-10T10:00:00+00:00	g6e.xlarge	us-east-1d	1.482600
2026-07-10T11:00:00+00:00	g6e.2xlarge	us-east-1a	2.156400
2026-07-10T11:00:00+00:00	g6e.2xlarge	us-east-1d	2.190100
2026-07-10T12:00:00+00:00	g6e.xlarge	us-east-1a	1.846100
2026-07-10T13:00:00+00:00	g6e.xlarge	us-east-1c	1.847200
2026-07-10T13:00:00+00:00	g6e.xlarge	us-east-1d	1.490800
2026-07-10T14:00:00+00:00	g6e.2xlarge	us-east-1c	1.919200
2026-07-10T14:00:00+00:00	g6e.xlarge	us-east-1b	1.847200
2026-07-10T16:00:00+00:00	g6e.xlarge	us-east-1c	1.847200
2026-07-10T16:00:00+00:00	g6e.xlarge	us-east-1d	1.494000
2026-07-10T17:00:00+00:00	g6e.2xlarge	us-east-1b	2.225500
2026-07-10T18:00:00+00:00	g6e.2xlarge	us-east-1a	2.156300
2026-07-10T18:00:00+00:00	g6e.2xlarge	us-east-1d	2.209400
2026-07-10T19:00:00+00:00	g6e.xlarge	us-east-1a	1.848200
2026-07-10T19:00:00+00:00	g6e.xlarge	us-east-1d	1.502900
2026-07-10T20:00:00+00:00	g6e.2xlarge	us-east-1b	2.226700
2026-07-10T21:00:00+00:00	g6e.2xlarge	us-east-1c	1.917100
2026-07-10T21:00:00+00:00	g6e.xlarge	us-east-1c	1.848200
2026-07-10T22:00:00+00:00	g6e.xlarge	us-east-1b	1.848200
2026-07-10T23:00:00+00:00	g6e.2xlarge	us-east-1d	2.215500
2026-07-11T00:00:00+00:00	g6e.2xlarge	us-east-1b	2.226700
2026-07-11T01:00:00+00:00	g6e.2xlarge	us-east-1a	2.151200
2026-07-11T01:00:00+00:00	g6e.xlarge	us-east-1b	1.850100
2026-07-11T02:00:00+00:00	g6e.2xlarge	us-east-1d	2.229000
2026-07-11T02:00:00+00:00	g6e.xlarge	us-east-1a	1.850100
2026-07-11T02:00:00+00:00	g6e.xlarge	us-east-1d	1.505800
2026-07-11T03:00:00+00:00	g6e.xlarge	us-east-1c	1.849600
2026-07-11T04:00:00+00:00	g6e.2xlarge	us-east-1a	2.151200
2026-07-11T04:00:00+00:00	g6e.2xlarge	us-east-1c	1.917900
2026-07-11T05:00:00+00:00	g6e.xlarge	us-east-1a	1.850100
2026-07-11T06:00:00+00:00	g6e.2xlarge	us-east-1b	2.227800
2026-07-11T06:00:00+00:00	g6e.xlarge	us-east-1b	1.850100
2026-07-11T06:00:00+00:00	g6e.xlarge	us-east-1d	1.505800
2026-07-11T07:00:00+00:00	g6e.2xlarge	us-east-1c	1.921700
2026-07-11T07:00:00+00:00	g6e.xlarge	us-east-1c	1.852000
2026-07-11T08:00:00+00:00	g6e.2xlarge	us-east-1d	2.231300
2026-07-11T08:00:00+00:00	g6e.xlarge	us-east-1a	1.852000
2026-07-11T09:00:00+00:00	g6e.2xlarge	us-east-1b	2.231300
2026-07-11T09:00:00+00:00	g6e.xlarge	us-east-1b	1.852000
2026-07-11T10:00:00+00:00	g6e.2xlarge	us-east-1a	2.150300
2026-07-11T11:00:00+00:00	g6e.2xlarge	us-east-1c	1.921700
2026-07-11T12:00:00+00:00	g6e.xlarge	us-east-1c	1.852000
2026-07-11T13:00:00+00:00	g6e.2xlarge	us-east-1a	2.161000
2026-07-11T13:00:00+00:00	g6e.xlarge	us-east-1d	1.499500
2026-07-11T14:00:00+00:00	g6e.2xlarge	us-east-1c	1.931600
2026-07-11T14:00:00+00:00	g6e.2xlarge	us-east-1d	2.242100
2026-07-11T14:00:00+00:00	g6e.xlarge	us-east-1a	1.861000
2026-07-11T16:00:00+00:00	g6e.2xlarge	us-east-1b	2.242100
2026-07-11T16:00:00+00:00	g6e.xlarge	us-east-1b	1.861000
2026-07-11T17:00:00+00:00	g6e.2xlarge	us-east-1a	2.161000
2026-07-11T19:00:00+00:00	g6e.xlarge	us-east-1c	1.857200
2026-07-11T20:00:00+00:00	g6e.2xlarge	us-east-1b	2.242100
2026-07-11T20:00:00+00:00	g6e.2xlarge	us-east-1c	1.931300
2026-07-11T20:00:00+00:00	g6e.xlarge	us-east-1d	1.472400
2026-07-11T21:00:00+00:00	g6e.xlarge	us-east-1a	1.861000
2026-07-11T21:00:00+00:00	g6e.xlarge	us-east-1b	1.858600
2026-07-11T22:00:00+00:00	g6e.2xlarge	us-east-1d	2.242100
2026-07-11T23:00:00+00:00	g6e.2xlarge	us-east-1a	2.161900
2026-07-12T00:00:00+00:00	g6e.2xlarge	us-east-1c	1.931300
2026-07-12T00:00:00+00:00	g6e.xlarge	us-east-1c	1.861000
2026-07-12T02:00:00+00:00	g6e.xlarge	us-east-1a	1.861000
2026-07-12T02:00:00+00:00	g6e.xlarge	us-east-1d	1.461600
2026-07-12T03:00:00+00:00	g6e.xlarge	us-east-1b	1.853000
2026-07-12T03:00:00+00:00	g6e.xlarge	us-east-1c	1.861000
2026-07-12T04:00:00+00:00	g6e.2xlarge	us-east-1a	2.162000
2026-07-12T04:00:00+00:00	g6e.2xlarge	us-east-1b	2.242100
2026-07-12T05:00:00+00:00	g6e.2xlarge	us-east-1d	2.242100
2026-07-12T06:00:00+00:00	g6e.2xlarge	us-east-1c	1.931700
2026-07-12T06:00:00+00:00	g6e.xlarge	us-east-1c	1.861000
2026-07-12T07:00:00+00:00	g6e.xlarge	us-east-1b	1.850100
2026-07-12T09:00:00+00:00	g6e.2xlarge	us-east-1a	2.159400
2026-07-12T09:00:00+00:00	g6e.xlarge	us-east-1d	1.445900
2026-07-12T10:00:00+00:00	g6e.2xlarge	us-east-1c	1.939700
2026-07-12T10:00:00+00:00	g6e.xlarge	us-east-1a	1.861000
2026-07-12T11:00:00+00:00	g6e.2xlarge	us-east-1b	2.242100
2026-07-12T11:00:00+00:00	g6e.2xlarge	us-east-1d	2.242100
2026-07-12T13:00:00+00:00	g6e.xlarge	us-east-1d	1.426100
2026-07-12T14:00:00+00:00	g6e.2xlarge	us-east-1d	2.242100
2026-07-12T14:00:00+00:00	g6e.xlarge	us-east-1c	1.861000
2026-07-12T15:00:00+00:00	g6e.xlarge	us-east-1b	1.849400
2026-07-12T16:00:00+00:00	g6e.2xlarge	us-east-1c	1.939400
2026-07-12T16:00:00+00:00	g6e.xlarge	us-east-1a	1.861000
2026-07-12T17:00:00+00:00	g6e.2xlarge	us-east-1a	2.156400
2026-07-12T17:00:00+00:00	g6e.2xlarge	us-east-1b	2.242100
2026-07-12T18:00:00+00:00	g6e.xlarge	us-east-1b	1.849400
2026-07-12T20:00:00+00:00	g6e.xlarge	us-east-1c	1.861000
2026-07-12T20:00:00+00:00	g6e.xlarge	us-east-1d	1.401400
2026-07-12T21:00:00+00:00	g6e.2xlarge	us-east-1d	2.242100
2026-07-12T22:00:00+00:00	g6e.2xlarge	us-east-1a	2.150100
2026-07-12T23:00:00+00:00	g6e.xlarge	us-east-1a	1.861000
2026-07-12T23:00:00+00:00	g6e.xlarge	us-east-1c	1.861000
2026-07-13T00:00:00+00:00	g6e.2xlarge	us-east-1b	2.242100
2026-07-13T00:00:00+00:00	g6e.2xlarge	us-east-1c	1.943100
2026-07-13T00:00:00+00:00	g6e.xlarge	us-east-1b	1.849400
2026-07-13T03:00:00+00:00	g6e.xlarge	us-east-1a	1.861000
2026-07-13T03:00:00+00:00	g6e.xlarge	us-east-1c	1.861000
2026-07-13T04:00:00+00:00	g6e.xlarge	us-east-1d	1.379500
2026-07-13T05:00:00+00:00	g6e.2xlarge	us-east-1a	2.134300
2026-07-13T05:00:00+00:00	g6e.2xlarge	us-east-1b	2.242100
2026-07-13T05:00:00+00:00	g6e.2xlarge	us-east-1d	2.242100
2026-07-13T07:00:00+00:00	g6e.2xlarge	us-east-1c	1.966300
2026-07-13T07:00:00+00:00	g6e.xlarge	us-east-1b	1.838500
2026-07-13T09:00:00+00:00	g6e.xlarge	us-east-1a	1.861000
2026-07-13T10:00:00+00:00	g6e.xlarge	us-east-1c	1.861000
2026-07-13T10:00:00+00:00	g6e.xlarge	us-east-1d	1.360400
2026-07-13T11:00:00+00:00	g6e.2xlarge	us-east-1a	2.124000
2026-07-13T11:00:00+00:00	g6e.2xlarge	us-east-1c	1.966300
2026-07-13T11:00:00+00:00	g6e.2xlarge	us-east-1d	2.242100
2026-07-13T13:00:00+00:00	g6e.2xlarge	us-east-1b	2.242100
2026-07-13T13:00:00+00:00	g6e.xlarge	us-east-1b	1.834000
2026-07-13T14:00:00+00:00	g6e.xlarge	us-east-1a	1.861000
2026-07-13T14:00:00+00:00	g6e.xlarge	us-east-1d	1.379800
2026-07-13T15:00:00+00:00	g6e.xlarge	us-east-1c	1.861000
2026-07-13T16:00:00+00:00	g6e.2xlarge	us-east-1a	2.120100
2026-07-13T17:00:00+00:00	g6e.2xlarge	us-east-1c	1.969500
2026-07-13T17:00:00+00:00	g6e.2xlarge	us-east-1d	2.242100
2026-07-13T17:00:00+00:00	g6e.xlarge	us-east-1b	1.832700
2026-07-13T20:00:00+00:00	g6e.2xlarge	us-east-1c	1.974100
2026-07-13T20:00:00+00:00	g6e.xlarge	us-east-1b	1.813600
2026-07-13T20:00:00+00:00	g6e.xlarge	us-east-1d	1.396300
2026-07-13T21:00:00+00:00	g6e.2xlarge	us-east-1b	2.242100
2026-07-13T21:00:00+00:00	g6e.2xlarge	us-east-1d	2.242100
2026-07-13T21:00:00+00:00	g6e.xlarge	us-east-1c	1.861000
2026-07-13T22:00:00+00:00	g6e.xlarge	us-east-1a	1.861000
2026-07-13T23:00:00+00:00	g6e.xlarge	us-east-1b	1.794100
2026-07-14T00:00:00+00:00	g6e.2xlarge	us-east-1a	2.124800
2026-07-14T00:00:00+00:00	g6e.2xlarge	us-east-1d	2.242100
2026-07-14T03:00:00+00:00	g6e.xlarge	us-east-1c	1.861000
2026-07-14T04:00:00+00:00	g6e.2xlarge	us-east-1c	1.997000
2026-07-14T04:00:00+00:00	g6e.2xlarge	us-east-1d	2.242100
2026-07-14T04:00:00+00:00	g6e.xlarge	us-east-1d	1.393000
2026-07-14T05:00:00+00:00	g6e.2xlarge	us-east-1b	2.242100
2026-07-14T06:00:00+00:00	g6e.xlarge	us-east-1a	1.861000
2026-07-14T06:00:00+00:00	g6e.xlarge	us-east-1b	1.784500
2026-07-14T07:00:00+00:00	g6e.2xlarge	us-east-1c	2.012600
2026-07-14T07:00:00+00:00	g6e.2xlarge	us-east-1d	2.242100
2026-07-14T08:00:00+00:00	g6e.2xlarge	us-east-1a	2.118500
2026-07-14T08:00:00+00:00	g6e.2xlarge	us-east-1b	2.242100
2026-07-14T08:00:00+00:00	g6e.xlarge	us-east-1d	1.375300
2026-07-14T09:00:00+00:00	g6e.xlarge	us-east-1b	1.771400
2026-07-14T11:00:00+00:00	g6e.2xlarge	us-east-1c	2.012600
2026-07-14T11:00:00+00:00	g6e.2xlarge	us-east-1d	2.242100
2026-07-14T11:00:00+00:00	g6e.xlarge	us-east-1c	1.861000
2026-07-14T12:00:00+00:00	g6e.xlarge	us-east-1d	1.374900
2026-07-14T14:00:00+00:00	g6e.2xlarge	us-east-1c	2.019700
2026-07-14T14:00:00+00:00	g6e.xlarge	us-east-1a	1.861000
2026-07-14T15:00:00+00:00	g6e.2xlarge	us-east-1a	2.117500
2026-07-14T15:00:00+00:00	g6e.2xlarge	us-east-1b	2.242100
2026-07-14T15:00:00+00:00	g6e.2xlarge	us-east-1d	2.242100
2026-07-14T15:00:00+00:00	g6e.xlarge	us-east-1d	1.361600
2026-07-14T16:00:00+00:00	g6e.xlarge	us-east-1b	1.760000
2026-07-14T17:00:00+00:00	g6e.2xlarge	us-east-1c	2.019700
2026-07-14T17:00:00+00:00	g6e.xlarge	us-east-1c	1.861000
2026-07-14T20:00:00+00:00	g6e.2xlarge	us-east-1b	2.242100
2026-07-14T20:00:00+00:00	g6e.2xlarge	us-east-1c	2.021700
2026-07-14T20:00:00+00:00	g6e.2xlarge	us-east-1d	2.242100
2026-07-14T20:00:00+00:00	g6e.xlarge	us-east-1c	1.861000
2026-07-14T21:00:00+00:00	g6e.xlarge	us-east-1b	1.747900
2026-07-14T22:00:00+00:00	g6e.2xlarge	us-east-1a	2.119500
2026-07-14T22:00:00+00:00	g6e.xlarge	us-east-1a	1.861000
2026-07-14T22:00:00+00:00	g6e.xlarge	us-east-1d	1.379400
2026-07-15T01:00:00+00:00	g6e.xlarge	us-east-1c	1.861000
2026-07-15T02:00:00+00:00	g6e.xlarge	us-east-1b	1.749000
2026-07-15T03:00:00+00:00	g6e.2xlarge	us-east-1b	2.239200
2026-07-15T03:00:00+00:00	g6e.2xlarge	us-east-1c	2.021300
2026-07-15T03:00:00+00:00	g6e.2xlarge	us-east-1d	2.242100
2026-07-15T03:00:00+00:00	g6e.xlarge	us-east-1a	1.861000
2026-07-15T04:00:00+00:00	g6e.xlarge	us-east-1d	1.391400
2026-07-15T06:00:00+00:00	g6e.2xlarge	us-east-1a	2.120000
2026-07-15T06:00:00+00:00	g6e.2xlarge	us-east-1c	2.021300
2026-07-15T06:00:00+00:00	g6e.xlarge	us-east-1b	1.749000
2026-07-15T07:00:00+00:00	g6e.xlarge	us-east-1a	1.861000
2026-07-15T08:00:00+00:00	g6e.2xlarge	us-east-1b	2.231000
2026-07-15T08:00:00+00:00	g6e.xlarge	us-east-1c	1.861000
2026-07-15T09:00:00+00:00	g6e.2xlarge	us-east-1c	2.021700
2026-07-15T09:00:00+00:00	g6e.2xlarge	us-east-1d	2.242100
2026-07-15T10:00:00+00:00	g6e.2xlarge	us-east-1a	2.120700
2026-07-15T10:00:00+00:00	g6e.xlarge	us-east-1d	1.391400
2026-07-15T11:00:00+00:00	g6e.xlarge	us-east-1a	1.861000
2026-07-15T12:00:00+00:00	g6e.2xlarge	us-east-1b	2.231000
2026-07-15T12:00:00+00:00	g6e.2xlarge	us-east-1d	2.242100
2026-07-15T12:00:00+00:00	g6e.xlarge	us-east-1c	1.861000
2026-07-15T13:00:00+00:00	g6e.2xlarge	us-east-1c	2.023900
2026-07-15T14:00:00+00:00	g6e.xlarge	us-east-1a	1.861000
2026-07-15T14:00:00+00:00	g6e.xlarge	us-east-1b	1.749700
2026-07-15T15:00:00+00:00	g6e.2xlarge	us-east-1a	2.121500
2026-07-15T17:00:00+00:00	g6e.2xlarge	us-east-1d	2.242100
2026-07-15T18:00:00+00:00	g6e.2xlarge	us-east-1a	2.121500
2026-07-15T18:00:00+00:00	g6e.xlarge	us-east-1a	1.861000
2026-07-15T18:00:00+00:00	g6e.xlarge	us-east-1c	1.861000
2026-07-15T18:00:00+00:00	g6e.xlarge	us-east-1d	1.391400
2026-07-15T19:00:00+00:00	g6e.2xlarge	us-east-1c	2.034100
2026-07-15T19:00:00+00:00	g6e.xlarge	us-east-1b	1.757700
2026-07-15T20:00:00+00:00	g6e.2xlarge	us-east-1b	2.225300
2026-07-15T23:00:00+00:00	g6e.xlarge	us-east-1b	1.757700
2026-07-15T23:00:00+00:00	g6e.xlarge	us-east-1d	1.399800
2026-07-16T00:00:00+00:00	g6e.2xlarge	us-east-1a	2.132300
2026-07-16T00:00:00+00:00	g6e.xlarge	us-east-1c	1.861000
2026-07-16T01:00:00+00:00	g6e.2xlarge	us-east-1c	2.035300
2026-07-16T01:00:00+00:00	g6e.2xlarge	us-east-1d	2.242100
2026-07-16T01:00:00+00:00	g6e.xlarge	us-east-1a	1.861000
2026-07-16T03:00:00+00:00	g6e.2xlarge	us-east-1a	2.134300
2026-07-16T03:00:00+00:00	g6e.2xlarge	us-east-1b	2.191900
2026-07-16T06:00:00+00:00	g6e.2xlarge	us-east-1b	2.180000
2026-07-16T06:00:00+00:00	g6e.xlarge	us-east-1b	1.758100
2026-07-16T06:00:00+00:00	g6e.xlarge	us-east-1c	1.861000
2026-07-16T06:00:00+00:00	g6e.xlarge	us-east-1d	1.403800
2026-07-16T07:00:00+00:00	g6e.2xlarge	us-east-1c	2.038800
2026-07-16T08:00:00+00:00	g6e.2xlarge	us-east-1d	2.242100
2026-07-16T08:00:00+00:00	g6e.xlarge	us-east-1a	1.861000
2026-07-16T09:00:00+00:00	g6e.2xlarge	us-east-1b	2.173600
2026-07-16T10:00:00+00:00	g6e.2xlarge	us-east-1a	2.136400
2026-07-16T10:00:00+00:00	g6e.2xlarge	us-east-1c	2.038800
2026-07-16T12:00:00+00:00	g6e.2xlarge	us-east-1d	2.242100
2026-07-16T12:00:00+00:00	g6e.xlarge	us-east-1c	1.861000
2026-07-16T13:00:00+00:00	g6e.2xlarge	us-east-1c	2.040100
2026-07-16T13:00:00+00:00	g6e.xlarge	us-east-1b	1.760300
2026-07-16T14:00:00+00:00	g6e.xlarge	us-east-1d	1.417000
2026-07-16T15:00:00+00:00	g6e.2xlarge	us-east-1d	2.242100
2026-07-16T15:00:00+00:00	g6e.xlarge	us-east-1c	1.861000
2026-07-16T16:00:00+00:00	g6e.2xlarge	us-east-1b	2.171900
2026-07-16T16:00:00+00:00	g6e.xlarge	us-east-1a	1.861000
2026-07-16T18:00:00+00:00	g6e.2xlarge	us-east-1a	2.138200
2026-07-16T18:00:00+00:00	g6e.2xlarge	us-east-1c	2.040100
2026-07-16T19:00:00+00:00	g6e.xlarge	us-east-1a	1.861000
2026-07-16T20:00:00+00:00	g6e.2xlarge	us-east-1b	2.173100
2026-07-16T21:00:00+00:00	g6e.2xlarge	us-east-1d	2.242100
2026-07-16T21:00:00+00:00	g6e.xlarge	us-east-1b	1.761200
2026-07-16T22:00:00+00:00	g6e.2xlarge	us-east-1c	2.040700
2026-07-16T22:00:00+00:00	g6e.xlarge	us-east-1c	1.861000
2026-07-16T22:00:00+00:00	g6e.xlarge	us-east-1d	1.426900
2026-07-16T23:00:00+00:00	g6e.2xlarge	us-east-1a	2.139600
2026-07-17T00:00:00+00:00	g6e.2xlarge	us-east-1b	2.173100
2026-07-17T01:00:00+00:00	g6e.xlarge	us-east-1a	1.861000
2026-07-17T01:00:00+00:00	g6e.xlarge	us-east-1b	1.769500
2026-07-17T01:00:00+00:00	g6e.xlarge	us-east-1d	1.457700
2026-07-17T02:00:00+00:00	g6e.xlarge	us-east-1c	1.861000
2026-07-17T05:00:00+00:00	g6e.2xlarge	us-east-1b	2.173100
2026-07-17T05:00:00+00:00	g6e.2xlarge	us-east-1d	2.242100
2026-07-17T05:00:00+00:00	g6e.xlarge	us-east-1d	1.484300
2026-07-17T06:00:00+00:00	g6e.2xlarge	us-east-1c	2.041300
2026-07-17T06:00:00+00:00	g6e.xlarge	us-east-1b	1.769500
2026-07-17T07:00:00+00:00	g6e.2xlarge	us-east-1a	2.146500
2026-07-17T08:00:00+00:00	g6e.2xlarge	us-east-1d	2.242100
2026-07-17T08:00:00+00:00	g6e.xlarge	us-east-1d	1.494200
2026-07-17T09:00:00+00:00	g6e.xlarge	us-east-1a	1.861000
2026-07-17T10:00:00+00:00	g6e.xlarge	us-east-1c	1.861000
2026-07-17T11:00:00+00:00	g6e.2xlarge	us-east-1d	2.242100
2026-07-17T12:00:00+00:00	g6e.2xlarge	us-east-1a	2.146500
2026-07-17T12:00:00+00:00	g6e.2xlarge	us-east-1b	2.175000
2026-07-17T12:00:00+00:00	g6e.xlarge	us-east-1b	1.768200
2026-07-17T12:00:00+00:00	g6e.xlarge	us-east-1d	1.518600
2026-07-17T13:00:00+00:00	g6e.xlarge	us-east-1a	1.861000
2026-07-17T14:00:00+00:00	g6e.2xlarge	us-east-1c	2.045700
2026-07-17T16:00:00+00:00	g6e.2xlarge	us-east-1d	2.242100
2026-07-17T16:00:00+00:00	g6e.xlarge	us-east-1d	1.539600
2026-07-17T17:00:00+00:00	g6e.2xlarge	us-east-1b	2.168800
2026-07-17T18:00:00+00:00	g6e.xlarge	us-east-1c	1.861000
2026-07-17T19:00:00+00:00	g6e.2xlarge	us-east-1a	2.151800
2026-07-17T19:00:00+00:00	g6e.2xlarge	us-east-1c	2.048400
2026-07-17T19:00:00+00:00	g6e.2xlarge	us-east-1d	2.242100
2026-07-17T20:00:00+00:00	g6e.2xlarge	us-east-1b	2.168500
2026-07-17T20:00:00+00:00	g6e.xlarge	us-east-1b	1.772000
2026-07-17T20:00:00+00:00	g6e.xlarge	us-east-1d	1.569600
2026-07-17T21:00:00+00:00	g6e.xlarge	us-east-1a	1.861000
2026-07-17T23:00:00+00:00	g6e.2xlarge	us-east-1d	2.242100
2026-07-18T00:00:00+00:00	g6e.xlarge	us-east-1a	1.861000
2026-07-18T00:00:00+00:00	g6e.xlarge	us-east-1c	1.861000
2026-07-18T00:00:00+00:00	g6e.xlarge	us-east-1d	1.569600
2026-07-18T01:00:00+00:00	g6e.2xlarge	us-east-1a	2.153800
2026-07-18T01:00:00+00:00	g6e.2xlarge	us-east-1c	2.049000
2026-07-18T03:00:00+00:00	g6e.xlarge	us-east-1b	1.771800
2026-07-18T04:00:00+00:00	g6e.2xlarge	us-east-1a	2.153800
2026-07-18T04:00:00+00:00	g6e.2xlarge	us-east-1b	2.166400
2026-07-18T04:00:00+00:00	g6e.2xlarge	us-east-1c	2.049000
2026-07-18T04:00:00+00:00	g6e.xlarge	us-east-1a	1.861000
2026-07-18T04:00:00+00:00	g6e.xlarge	us-east-1d	1.582600
2026-07-18T05:00:00+00:00	g6e.xlarge	us-east-1c	1.861000
2026-07-18T07:00:00+00:00	g6e.2xlarge	us-east-1d	2.242100
2026-07-18T08:00:00+00:00	g6e.2xlarge	us-east-1b	2.163300
2026-07-18T08:00:00+00:00	g6e.xlarge	us-east-1a	1.861000
2026-07-18T08:00:00+00:00	g6e.xlarge	us-east-1d	1.595700
2026-07-18T09:00:00+00:00	g6e.2xlarge	us-east-1a	2.157000
2026-07-18T10:00:00+00:00	g6e.xlarge	us-east-1c	1.861000
2026-07-18T11:00:00+00:00	g6e.2xlarge	us-east-1c	2.052200
2026-07-18T11:00:00+00:00	g6e.2xlarge	us-east-1d	2.242100
2026-07-18T11:00:00+00:00	g6e.xlarge	us-east-1b	1.768700
2026-07-18T12:00:00+00:00	g6e.2xlarge	us-east-1a	2.157000
2026-07-18T13:00:00+00:00	g6e.2xlarge	us-east-1b	2.159100
2026-07-18T13:00:00+00:00	g6e.xlarge	us-east-1c	1.861000
2026-07-18T14:00:00+00:00	g6e.2xlarge	us-east-1d	2.242100
2026-07-18T15:00:00+00:00	g6e.2xlarge	us-east-1c	2.055900
2026-07-18T15:00:00+00:00	g6e.xlarge	us-east-1a	1.861000
2026-07-18T15:00:00+00:00	g6e.xlarge	us-east-1b	1.771100
2026-07-18T15:00:00+00:00	g6e.xlarge	us-east-1d	1.613100
2026-07-18T18:00:00+00:00	g6e.2xlarge	us-east-1a	2.159300
2026-07-18T18:00:00+00:00	g6e.2xlarge	us-east-1c	2.055900
2026-07-18T18:00:00+00:00	g6e.xlarge	us-east-1a	1.861000
2026-07-18T19:00:00+00:00	g6e.2xlarge	us-east-1b	2.148800
2026-07-18T20:00:00+00:00	g6e.xlarge	us-east-1b	1.774700
2026-07-18T20:00:00+00:00	g6e.xlarge	us-east-1c	1.861000
2026-07-18T21:00:00+00:00	g6e.2xlarge	us-east-1a	2.160800
2026-07-18T21:00:00+00:00	g6e.2xlarge	us-east-1d	2.242100
2026-07-18T21:00:00+00:00	g6e.xlarge	us-east-1a	1.861000
2026-07-18T21:00:00+00:00	g6e.xlarge	us-east-1d	1.645700
2026-07-19T00:00:00+00:00	g6e.2xlarge	us-east-1b	2.148800
2026-07-19T00:00:00+00:00	g6e.2xlarge	us-east-1c	2.057200
2026-07-19T00:00:00+00:00	g6e.2xlarge	us-east-1d	2.242100
2026-07-19T00:00:00+00:00	g6e.xlarge	us-east-1b	1.774700
2026-07-19T02:00:00+00:00	g6e.2xlarge	us-east-1a	2.162000
2026-07-19T02:00:00+00:00	g6e.xlarge	us-east-1d	1.669600
2026-07-19T03:00:00+00:00	g6e.2xlarge	us-east-1b	2.145800
2026-07-19T03:00:00+00:00	g6e.2xlarge	us-east-1c	2.059400
2026-07-19T03:00:00+00:00	g6e.xlarge	us-east-1c	1.861000
2026-07-19T04:00:00+00:00	g6e.2xlarge	us-east-1d	2.242100
2026-07-19T04:00:00+00:00	g6e.xlarge	us-east-1a	1.861000
2026-07-19T05:00:00+00:00	g6e.xlarge	us-east-1b	1.775300
2026-07-19T06:00:00+00:00	g6e.2xlarge	us-east-1c	2.059400
2026-07-19T06:00:00+00:00	g6e.xlarge	us-east-1d	1.691400
2026-07-19T07:00:00+00:00	g6e.2xlarge	us-east-1b	2.139400
2026-07-19T08:00:00+00:00	g6e.2xlarge	us-east-1d	2.242100
2026-07-19T09:00:00+00:00	g6e.xlarge	us-east-1a	1.861000
2026-07-19T10:00:00+00:00	g6e.2xlarge	us-east-1a	2.163800
2026-07-19T10:00:00+00:00	g6e.2xlarge	us-east-1c	2.063400
2026-07-19T10:00:00+00:00	g6e.xlarge	us-east-1c	1.861000
2026-07-19T11:00:00+00:00	g6e.xlarge	us-east-1b	1.775800
2026-07-19T12:00:00+00:00	g6e.xlarge	us-east-1d	1.696000
2026-07-19T13:00:00+00:00	g6e.2xlarge	us-east-1d	2.242100
2026-07-19T14:00:00+00:00	g6e.2xlarge	us-east-1b	2.149000
2026-07-19T14:00:00+00:00	g6e.2xlarge	us-east-1c	2.073000
2026-07-19T14:00:00+00:00	g6e.xlarge	us-east-1a	1.861000
2026-07-19T14:00:00+00:00	g6e.xlarge	us-east-1b	1.779800
2026-07-19T15:00:00+00:00	g6e.2xlarge	us-east-1a	2.167200
2026-07-19T15:00:00+00:00	g6e.xlarge	us-east-1d	1.696400
2026-07-19T17:00:00+00:00	g6e.xlarge	us-east-1c	1.861000
2026-07-19T19:00:00+00:00	g6e.2xlarge	us-east-1a	2.173300
2026-07-19T19:00:00+00:00	g6e.2xlarge	us-east-1d	2.242100
2026-07-19T20:00:00+00:00	g6e.xlarge	us-east-1b	1.787900
2026-07-19T20:00:00+00:00	g6e.xlarge	us-east-1c	1.861000
2026-07-19T20:00:00+00:00	g6e.xlarge	us-east-1d	1.734300
2026-07-19T21:00:00+00:00	g6e.2xlarge	us-east-1b	2.172100
2026-07-19T21:00:00+00:00	g6e.2xlarge	us-east-1c	2.073700
2026-07-19T21:00:00+00:00	g6e.xlarge	us-east-1a	1.861000
2026-07-20T02:00:00+00:00	g6e.2xlarge	us-east-1a	2.184400
2026-07-20T02:00:00+00:00	g6e.2xlarge	us-east-1b	2.188400
2026-07-20T03:00:00+00:00	g6e.2xlarge	us-east-1d	2.242100
2026-07-20T03:00:00+00:00	g6e.xlarge	us-east-1c	1.861000
2026-07-20T03:00:00+00:00	g6e.xlarge	us-east-1d	1.755400
2026-07-20T04:00:00+00:00	g6e.2xlarge	us-east-1c	2.101700
2026-07-20T04:00:00+00:00	g6e.xlarge	us-east-1a	1.861000
2026-07-20T04:00:00+00:00	g6e.xlarge	us-east-1b	1.790000
2026-07-20T05:00:00+00:00	g6e.2xlarge	us-east-1a	2.184400
2026-07-20T05:00:00+00:00	g6e.2xlarge	us-east-1b	2.191800
2026-07-20T07:00:00+00:00	g6e.2xlarge	us-east-1d	2.242100
2026-07-20T08:00:00+00:00	g6e.xlarge	us-east-1c	1.861000
2026-07-20T08:00:00+00:00	g6e.xlarge	us-east-1d	1.761600
2026-07-20T09:00:00+00:00	g6e.2xlarge	us-east-1b	2.193700
2026-07-20T11:00:00+00:00	g6e.2xlarge	us-east-1a	2.189200
2026-07-20T11:00:00+00:00	g6e.2xlarge	us-east-1c	2.102400
2026-07-20T11:00:00+00:00	g6e.xlarge	us-east-1a	1.861000
2026-07-20T11:00:00+00:00	g6e.xlarge	us-east-1b	1.792500
2026-07-20T11:00:00+00:00	g6e.xlarge	us-east-1d	1.786700
2026-07-20T12:00:00+00:00	g6e.2xlarge	us-east-1b	2.193700
2026-07-20T12:00:00+00:00	g6e.2xlarge	us-east-1d	2.242100
2026-07-20T13:00:00+00:00	g6e.xlarge	us-east-1c	1.861000
2026-07-20T15:00:00+00:00	g6e.2xlarge	us-east-1b	2.190700
2026-07-20T16:00:00+00:00	g6e.xlarge	us-east-1d	1.813200
2026-07-20T17:00:00+00:00	g6e.2xlarge	us-east-1a	2.198000
2026-07-20T18:00:00+00:00	g6e.xlarge	us-east-1b	1.798700
2026-07-20T19:00:00+00:00	g6e.2xlarge	us-east-1c	2.120200
2026-07-20T19:00:00+00:00	g6e.xlarge	us-east-1a	1.861000
2026-07-20T20:00:00+00:00	g6e.2xlarge	us-east-1d	2.242100
2026-07-20T20:00:00+00:00	g6e.xlarge	us-east-1d	1.814900
2026-07-20T21:00:00+00:00	g6e.xlarge	us-east-1c	1.861000
2026-07-20T22:00:00+00:00	g6e.2xlarge	us-east-1a	2.201600
2026-07-20T22:00:00+00:00	g6e.2xlarge	us-east-1b	2.198500
2026-07-20T22:00:00+00:00	g6e.xlarge	us-east-1b	1.814100
2026-07-20T23:00:00+00:00	g6e.2xlarge	us-east-1d	2.242100
2026-07-21T00:00:00+00:00	g6e.xlarge	us-east-1a	1.861000
2026-07-21T01:00:00+00:00	g6e.2xlarge	us-east-1c	2.126200
2026-07-21T02:00:00+00:00	g6e.2xlarge	us-east-1a	2.202700
2026-07-21T02:00:00+00:00	g6e.2xlarge	us-east-1b	2.198900
2026-07-21T03:00:00+00:00	g6e.xlarge	us-east-1c	1.861000
2026-07-21T04:00:00+00:00	g6e.xlarge	us-east-1d	1.837900
2026-07-21T05:00:00+00:00	g6e.xlarge	us-east-1b	1.815100
2026-07-21T06:00:00+00:00	g6e.2xlarge	us-east-1a	2.206500
2026-07-21T06:00:00+00:00	g6e.2xlarge	us-east-1b	2.198900
2026-07-21T06:00:00+00:00	g6e.2xlarge	us-east-1d	2.242100
2026-07-21T06:00:00+00:00	g6e.xlarge	us-east-1a	1.861000
2026-07-21T06:00:00+00:00	g6e.xlarge	us-east-1c	1.861000
2026-07-21T09:00:00+00:00	g6e.2xlarge	us-east-1c	2.130300
2026-07-21T09:00:00+00:00	g6e.xlarge	us-east-1b	1.826100
2026-07-21T10:00:00+00:00	g6e.2xlarge	us-east-1b	2.198000
2026-07-21T12:00:00+00:00	g6e.2xlarge	us-east-1d	2.242100
2026-07-21T12:00:00+00:00	g6e.xlarge	us-east-1a	1.861000
2026-07-21T12:00:00+00:00	g6e.xlarge	us-east-1b	1.836700
2026-07-21T12:00:00+00:00	g6e.xlarge	us-east-1d	1.843100
2026-07-21T13:00:00+00:00	g6e.2xlarge	us-east-1a	2.212600
2026-07-21T13:00:00+00:00	g6e.xlarge	us-east-1c	1.861000
2026-07-21T15:00:00+00:00	g6e.2xlarge	us-east-1b	2.199700
2026-07-21T16:00:00+00:00	g6e.xlarge	us-east-1a	1.861000
2026-07-21T17:00:00+00:00	g6e.2xlarge	us-east-1c	2.138700
2026-07-21T17:00:00+00:00	g6e.xlarge	us-east-1d	1.855400
2026-07-21T18:00:00+00:00	g6e.2xlarge	us-east-1d	2.242100
2026-07-21T18:00:00+00:00	g6e.xlarge	us-east-1b	1.839100
2026-07-21T19:00:00+00:00	g6e.2xlarge	us-east-1a	2.213700
2026-07-21T20:00:00+00:00	g6e.xlarge	us-east-1a	1.861000
2026-07-21T21:00:00+00:00	g6e.2xlarge	us-east-1b	2.202400
2026-07-21T21:00:00+00:00	g6e.xlarge	us-east-1c	1.861000
2026-07-21T21:00:00+00:00	g6e.xlarge	us-east-1d	1.861000
2026-07-21T22:00:00+00:00	g6e.xlarge	us-east-1b	1.842500
2026-07-22T00:00:00+00:00	g6e.2xlarge	us-east-1d	2.242100
2026-07-22T01:00:00+00:00	g6e.2xlarge	us-east-1c	2.145300
2026-07-22T02:00:00+00:00	g6e.xlarge	us-east-1a	1.861000
2026-07-22T03:00:00+00:00	g6e.2xlarge	us-east-1a	2.219700
2026-07-22T03:00:00+00:00	g6e.2xlarge	us-east-1d	2.242100
2026-07-22T04:00:00+00:00	g6e.2xlarge	us-east-1c	2.145300
2026-07-22T04:00:00+00:00	g6e.xlarge	us-east-1b	1.844100
2026-07-22T04:00:00+00:00	g6e.xlarge	us-east-1c	1.861000
2026-07-22T04:00:00+00:00	g6e.xlarge	us-east-1d	1.861000
2026-07-22T05:00:00+00:00	g6e.2xlarge	us-east-1b	2.204800
2026-07-22T07:00:00+00:00	g6e.xlarge	us-east-1a	1.861000
2026-07-22T08:00:00+00:00	g6e.2xlarge	us-east-1d	2.242100
2026-07-22T08:00:00+00:00	g6e.xlarge	us-east-1d	1.861000
2026-07-22T09:00:00+00:00	g6e.2xlarge	us-east-1a	2.222100
2026-07-22T09:00:00+00:00	g6e.2xlarge	us-east-1b	2.208500
2026-07-22T10:00:00+00:00	g6e.xlarge	us-east-1c	1.861000
2026-07-22T11:00:00+00:00	g6e.2xlarge	us-east-1c	2.150800
2026-07-22T11:00:00+00:00	g6e.xlarge	us-east-1b	1.845800
2026-07-22T12:00:00+00:00	g6e.2xlarge	us-east-1b	2.208500
2026-07-22T13:00:00+00:00	g6e.xlarge	us-east-1a	1.861000
2026-07-22T13:00:00+00:00	g6e.xlarge	us-east-1d	1.861000
2026-07-22T14:00:00+00:00	g6e.xlarge	us-east-1b	1.847800
2026-07-22T15:00:00+00:00	g6e.xlarge	us-east-1c	1.861000
2026-07-22T16:00:00+00:00	g6e.2xlarge	us-east-1d	2.242100
2026-07-22T16:00:00+00:00	g6e.xlarge	us-east-1a	1.861000
2026-07-22T17:00:00+00:00	g6e.2xlarge	us-east-1a	2.224200
2026-07-22T18:00:00+00:00	g6e.2xlarge	us-east-1c	2.152500
2026-07-22T20:00:00+00:00	g6e.2xlarge	us-east-1b	2.233200
2026-07-22T20:00:00+00:00	g6e.xlarge	us-east-1a	1.861000
2026-07-22T20:00:00+00:00	g6e.xlarge	us-east-1d	1.861000
2026-07-22T21:00:00+00:00	g6e.2xlarge	us-east-1d	2.242100
2026-07-22T21:00:00+00:00	g6e.xlarge	us-east-1b	1.850000
2026-07-22T23:00:00+00:00	g6e.xlarge	us-east-1c	1.861000
2026-07-23T00:00:00+00:00	g6e.xlarge	us-east-1d	1.861000
2026-07-23T01:00:00+00:00	g6e.2xlarge	us-east-1a	2.226200
2026-07-23T01:00:00+00:00	g6e.2xlarge	us-east-1c	2.154400
2026-07-23T02:00:00+00:00	g6e.2xlarge	us-east-1b	2.242100
2026-07-23T02:00:00+00:00	g6e.2xlarge	us-east-1d	2.242100
2026-07-23T03:00:00+00:00	g6e.xlarge	us-east-1a	1.861000
2026-07-23T03:00:00+00:00	g6e.xlarge	us-east-1b	1.851000
2026-07-23T04:00:00+00:00	g6e.2xlarge	us-east-1a	2.226200
2026-07-23T05:00:00+00:00	g6e.xlarge	us-east-1c	1.861000
2026-07-23T07:00:00+00:00	g6e.2xlarge	us-east-1a	2.227200
2026-07-23T08:00:00+00:00	g6e.2xlarge	us-east-1d	2.242100
2026-07-23T08:00:00+00:00	g6e.xlarge	us-east-1b	1.852700
2026-07-23T08:00:00+00:00	g6e.xlarge	us-east-1c	1.861000
2026-07-23T08:00:00+00:00	g6e.xlarge	us-east-1d	1.861000
2026-07-23T09:00:00+00:00	g6e.2xlarge	us-east-1c	2.160400
2026-07-23T10:00:00+00:00	g6e.2xlarge	us-east-1a	2.227200
2026-07-23T10:00:00+00:00	g6e.2xlarge	us-east-1b	2.242100
2026-07-23T11:00:00+00:00	g6e.xlarge	us-east-1a	1.861000
2026-07-23T13:00:00+00:00	g6e.2xlarge	us-east-1b	2.242100
2026-07-23T13:00:00+00:00	g6e.xlarge	us-east-1b	1.854600
2026-07-23T13:00:00+00:00	g6e.xlarge	us-east-1c	1.861000
2026-07-23T14:00:00+00:00	g6e.2xlarge	us-east-1c	2.163100
2026-07-23T14:00:00+00:00	g6e.2xlarge	us-east-1d	2.242100
2026-07-23T14:00:00+00:00	g6e.xlarge	us-east-1d	1.861000
2026-07-23T15:00:00+00:00	g6e.2xlarge	us-east-1a	2.228400
2026-07-23T16:00:00+00:00	g6e.2xlarge	us-east-1b	2.242100
2026-07-23T16:00:00+00:00	g6e.xlarge	us-east-1b	1.854600
2026-07-23T16:00:00+00:00	g6e.xlarge	us-east-1c	1.861000
2026-07-23T17:00:00+00:00	g6e.xlarge	us-east-1d	1.861000
2026-07-23T19:00:00+00:00	g6e.2xlarge	us-east-1c	2.164100
2026-07-23T19:00:00+00:00	g6e.2xlarge	us-east-1d	2.242100
2026-07-23T19:00:00+00:00	g6e.xlarge	us-east-1a	1.861000
2026-07-23T21:00:00+00:00	g6e.xlarge	us-east-1c	1.861000
2026-07-23T22:00:00+00:00	g6e.2xlarge	us-east-1a	2.229200
2026-07-23T22:00:00+00:00	g6e.2xlarge	us-east-1b	2.242100
2026-07-23T22:00:00+00:00	g6e.2xlarge	us-east-1c	2.164100
2026-07-23T23:00:00+00:00	g6e.xlarge	us-east-1b	1.856100
2026-07-24T00:00:00+00:00	g6e.xlarge	us-east-1d	1.861000
2026-07-24T02:00:00+00:00	g6e.2xlarge	us-east-1d	2.242100
2026-07-24T02:00:00+00:00	g6e.xlarge	us-east-1a	1.861000
2026-07-24T02:00:00+00:00	g6e.xlarge	us-east-1c	1.861000
2026-07-24T03:00:00+00:00	g6e.2xlarge	us-east-1a	2.229600
2026-07-24T04:00:00+00:00	g6e.2xlarge	us-east-1c	2.164500
2026-07-24T06:00:00+00:00	g6e.2xlarge	us-east-1a	2.229600
2026-07-24T06:00:00+00:00	g6e.2xlarge	us-east-1b	2.242100
2026-07-24T06:00:00+00:00	g6e.2xlarge	us-east-1d	2.242100
2026-07-24T07:00:00+00:00	g6e.xlarge	us-east-1c	1.861000
2026-07-24T08:00:00+00:00	g6e.xlarge	us-east-1b	1.861000
2026-07-24T09:00:00+00:00	g6e.2xlarge	us-east-1a	2.233600
2026-07-24T09:00:00+00:00	g6e.2xlarge	us-east-1c	2.168800
2026-07-24T09:00:00+00:00	g6e.2xlarge	us-east-1d	2.242100
2026-07-24T09:00:00+00:00	g6e.xlarge	us-east-1a	1.861000
2026-07-24T09:00:00+00:00	g6e.xlarge	us-east-1d	1.861000
2026-07-24T12:00:00+00:00	g6e.xlarge	us-east-1a	1.861000
2026-07-24T12:00:00+00:00	g6e.xlarge	us-east-1d	1.861000
2026-07-24T13:00:00+00:00	g6e.2xlarge	us-east-1b	2.218600
2026-07-24T16:00:00+00:00	g6e.xlarge	us-east-1c	1.861000
2026-07-24T17:00:00+00:00	g6e.xlarge	us-east-1b	1.861000
2026-07-24T18:00:00+00:00	g6e.2xlarge	us-east-1a	2.234500
2026-07-24T18:00:00+00:00	g6e.2xlarge	us-east-1c	2.169800
2026-07-24T18:00:00+00:00	g6e.2xlarge	us-east-1d	2.242100
2026-07-24T18:00:00+00:00	g6e.xlarge	us-east-1d	1.861000
2026-07-24T20:00:00+00:00	g6e.xlarge	us-east-1a	1.861000
2026-07-24T21:00:00+00:00	g6e.2xlarge	us-east-1b	2.216600
2026-07-24T23:00:00+00:00	g6e.xlarge	us-east-1b	1.861000
2026-07-25T00:00:00+00:00	g6e.2xlarge	us-east-1d	2.242100
2026-07-25T01:00:00+00:00	g6e.xlarge	us-east-1c	1.861000
2026-07-25T02:00:00+00:00	g6e.2xlarge	us-east-1c	2.172700
2026-07-25T02:00:00+00:00	g6e.xlarge	us-east-1d	1.861000
2026-07-25T03:00:00+00:00	g6e.2xlarge	us-east-1a	2.241900
2026-07-25T03:00:00+00:00	g6e.xlarge	us-east-1a	1.861000
2026-07-25T04:00:00+00:00	g6e.xlarge	us-east-1b	1.861000
2026-07-25T05:00:00+00:00	g6e.2xlarge	us-east-1b	2.216900
2026-07-25T05:00:00+00:00	g6e.2xlarge	us-east-1d	2.242100
2026-07-25T05:00:00+00:00	g6e.xlarge	us-east-1d	1.861000
2026-07-25T09:00:00+00:00	g6e.2xlarge	us-east-1a	2.242100
2026-07-25T09:00:00+00:00	g6e.2xlarge	us-east-1b	2.208900
2026-07-25T10:00:00+00:00	g6e.xlarge	us-east-1c	1.861000
2026-07-25T10:00:00+00:00	g6e.xlarge	us-east-1d	1.861000
2026-07-25T11:00:00+00:00	g6e.2xlarge	us-east-1c	2.175000
2026-07-25T12:00:00+00:00	g6e.2xlarge	us-east-1d	2.242100
2026-07-25T12:00:00+00:00	g6e.xlarge	us-east-1a	1.861000
2026-07-25T12:00:00+00:00	g6e.xlarge	us-east-1b	1.861000
2026-07-25T13:00:00+00:00	g6e.xlarge	us-east-1c	1.861000
2026-07-25T13:00:00+00:00	g6e.xlarge	us-east-1d	1.861000
2026-07-25T14:00:00+00:00	g6e.2xlarge	us-east-1c	2.175500
2026-07-25T16:00:00+00:00	g6e.2xlarge	us-east-1a	2.242100
2026-07-25T16:00:00+00:00	g6e.xlarge	us-east-1b	1.861000
2026-07-25T17:00:00+00:00	g6e.xlarge	us-east-1a	1.861000
2026-07-25T18:00:00+00:00	g6e.2xlarge	us-east-1b	2.205300
2026-07-25T19:00:00+00:00	g6e.2xlarge	us-east-1d	2.242100
2026-07-25T19:00:00+00:00	g6e.xlarge	us-east-1c	1.861000
2026-07-25T21:00:00+00:00	g6e.2xlarge	us-east-1c	2.175900
2026-07-25T21:00:00+00:00	g6e.xlarge	us-east-1a	1.861000
2026-07-25T22:00:00+00:00	g6e.2xlarge	us-east-1a	2.242100
2026-07-25T22:00:00+00:00	g6e.xlarge	us-east-1d	1.861000
2026-07-25T23:00:00+00:00	g6e.2xlarge	us-east-1b	2.204700
2026-07-26T00:00:00+00:00	g6e.xlarge	us-east-1a	1.861000
2026-07-26T00:00:00+00:00	g6e.xlarge	us-east-1b	1.861000
2026-07-26T02:00:00+00:00	g6e.xlarge	us-east-1c	1.861000
2026-07-26T03:00:00+00:00	g6e.2xlarge	us-east-1d	2.242100
2026-07-26T03:00:00+00:00	g6e.xlarge	us-east-1d	1.861000
2026-07-26T04:00:00+00:00	g6e.xlarge	us-east-1a	1.861000
2026-07-26T06:00:00+00:00	g6e.2xlarge	us-east-1c	2.177700
2026-07-26T07:00:00+00:00	g6e.2xlarge	us-east-1a	2.242100
2026-07-26T07:00:00+00:00	g6e.2xlarge	us-east-1d	2.242100
2026-07-26T07:00:00+00:00	g6e.xlarge	us-east-1b	1.861000
2026-07-26T08:00:00+00:00	g6e.2xlarge	us-east-1b	2.205000
2026-07-26T08:00:00+00:00	g6e.xlarge	us-east-1a	1.861000
2026-07-26T09:00:00+00:00	g6e.xlarge	us-east-1c	1.861000
2026-07-26T10:00:00+00:00	g6e.xlarge	us-east-1d	1.861000
2026-07-26T12:00:00+00:00	g6e.2xlarge	us-east-1d	2.242100
2026-07-26T12:00:00+00:00	g6e.xlarge	us-east-1b	1.861000
2026-07-26T13:00:00+00:00	g6e.xlarge	us-east-1c	1.861000
2026-07-26T14:00:00+00:00	g6e.2xlarge	us-east-1b	2.220000
2026-07-26T14:00:00+00:00	g6e.2xlarge	us-east-1c	2.181700
2026-07-26T15:00:00+00:00	g6e.2xlarge	us-east-1a	2.229100
2026-07-26T16:00:00+00:00	g6e.xlarge	us-east-1d	1.861000
2026-07-26T17:00:00+00:00	g6e.xlarge	us-east-1a	1.861000
2026-07-26T17:00:00+00:00	g6e.xlarge	us-east-1b	1.861000
2026-07-26T18:00:00+00:00	g6e.2xlarge	us-east-1a	2.225400
2026-07-26T18:00:00+00:00	g6e.2xlarge	us-east-1d	2.242100
2026-07-26T19:00:00+00:00	g6e.2xlarge	us-east-1c	2.174300
2026-07-26T20:00:00+00:00	g6e.xlarge	us-east-1d	1.861000
2026-07-26T21:00:00+00:00	g6e.xlarge	us-east-1a	1.861000
2026-07-26T22:00:00+00:00	g6e.2xlarge	us-east-1d	2.242100
2026-07-26T22:00:00+00:00	g6e.xlarge	us-east-1c	1.861000
2026-07-26T23:00:00+00:00	g6e.2xlarge	us-east-1b	2.212600
2026-07-27T00:00:00+00:00	g6e.2xlarge	us-east-1a	2.212900
2026-07-27T02:00:00+00:00	g6e.xlarge	us-east-1b	1.861000
2026-07-27T02:00:00+00:00	g6e.xlarge	us-east-1c	1.861000
2026-07-27T04:00:00+00:00	g6e.2xlarge	us-east-1c	2.174700
2026-07-27T04:00:00+00:00	g6e.xlarge	us-east-1d	1.861000
2026-07-27T05:00:00+00:00	g6e.2xlarge	us-east-1d	2.242100
2026-07-27T05:00:00+00:00	g6e.xlarge	us-east-1b	1.861000
2026-07-27T06:00:00+00:00	g6e.2xlarge	us-east-1a	2.182800
2026-07-27T06:00:00+00:00	g6e.xlarge	us-east-1a	1.861000
2026-07-27T08:00:00+00:00	g6e.2xlarge	us-east-1b	2.224700
2026-07-27T08:00:00+00:00	g6e.2xlarge	us-east-1d	2.242100
2026-07-27T08:00:00+00:00	g6e.xlarge	us-east-1d	1.861000
2026-07-27T09:00:00+00:00	g6e.xlarge	us-east-1c	1.861000
2026-07-27T10:00:00+00:00	g6e.xlarge	us-east-1b	1.861000
2026-07-27T12:00:00+00:00	g6e.2xlarge	us-east-1c	2.179100
2026-07-27T13:00:00+00:00	g6e.2xlarge	us-east-1b	2.230000
2026-07-27T13:00:00+00:00	g6e.xlarge	us-east-1a	1.861000
2026-07-27T14:00:00+00:00	g6e.xlarge	us-east-1b	1.861000
2026-07-27T14:00:00+00:00	g6e.xlarge	us-east-1c	1.861000
2026-07-27T15:00:00+00:00	g6e.2xlarge	us-east-1a	2.180700
2026-07-27T16:00:00+00:00	g6e.2xlarge	us-east-1c	2.174700
2026-07-27T16:00:00+00:00	g6e.2xlarge	us-east-1d	2.242100
2026-07-27T17:00:00+00:00	g6e.xlarge	us-east-1d	1.861000
2026-07-27T20:00:00+00:00	g6e.xlarge	us-east-1b	1.861000
2026-07-27T20:00:00+00:00	g6e.xlarge	us-east-1d	1.861000
2026-07-27T21:00:00+00:00	g6e.2xlarge	us-east-1b	2.234300
2026-07-27T21:00:00+00:00	g6e.2xlarge	us-east-1c	2.180300
2026-07-27T21:00:00+00:00	g6e.xlarge	us-east-1c	1.861000
2026-07-27T22:00:00+00:00	g6e.2xlarge	us-east-1a	2.151100
2026-07-27T22:00:00+00:00	g6e.2xlarge	us-east-1d	2.242100
2026-07-27T22:00:00+00:00	g6e.xlarge	us-east-1a	1.861000
2026-07-28T00:00:00+00:00	g6e.xlarge	us-east-1c	1.861000
2026-07-28T00:00:00+00:00	g6e.xlarge	us-east-1d	1.861000
2026-07-28T02:00:00+00:00	g6e.2xlarge	us-east-1b	2.235300
2026-07-28T02:00:00+00:00	g6e.xlarge	us-east-1b	1.861000
2026-07-28T04:00:00+00:00	g6e.2xlarge	us-east-1a	2.122200
2026-07-28T05:00:00+00:00	g6e.2xlarge	us-east-1c	2.184600
2026-07-28T05:00:00+00:00	g6e.xlarge	us-east-1a	1.861000
2026-07-28T05:00:00+00:00	g6e.xlarge	us-east-1d	1.861000
2026-07-28T06:00:00+00:00	g6e.xlarge	us-east-1c	1.861000
2026-07-28T07:00:00+00:00	g6e.2xlarge	us-east-1a	2.105500
2026-07-28T07:00:00+00:00	g6e.2xlarge	us-east-1b	2.242100
2026-07-28T07:00:00+00:00	g6e.2xlarge	us-east-1d	2.242100
2026-07-28T07:00:00+00:00	g6e.xlarge	us-east-1b	1.861000
2026-07-28T09:00:00+00:00	g6e.xlarge	us-east-1d	1.861000
2026-07-28T11:00:00+00:00	g6e.2xlarge	us-east-1a	2.101700
2026-07-28T11:00:00+00:00	g6e.2xlarge	us-east-1b	2.242100
2026-07-28T11:00:00+00:00	g6e.2xlarge	us-east-1c	2.192500
2026-07-28T12:00:00+00:00	g6e.2xlarge	us-east-1d	2.242100
2026-07-28T12:00:00+00:00	g6e.xlarge	us-east-1a	1.861000
2026-07-28T12:00:00+00:00	g6e.xlarge	us-east-1b	1.861000
2026-07-28T14:00:00+00:00	g6e.xlarge	us-east-1c	1.861000
2026-07-28T14:00:00+00:00	g6e.xlarge	us-east-1d	1.861000
2026-07-28T15:00:00+00:00	g6e.2xlarge	us-east-1a	2.096100
2026-07-28T17:00:00+00:00	g6e.2xlarge	us-east-1b	2.242100
2026-07-28T17:00:00+00:00	g6e.2xlarge	us-east-1c	2.196500
2026-07-28T18:00:00+00:00	g6e.xlarge	us-east-1a	1.861000
2026-07-28T19:00:00+00:00	g6e.2xlarge	us-east-1d	2.242100
2026-07-28T19:00:00+00:00	g6e.xlarge	us-east-1d	1.861000
2026-07-28T20:00:00+00:00	g6e.xlarge	us-east-1b	1.861000
2026-07-28T20:00:00+00:00	g6e.xlarge	us-east-1c	1.861000
2026-07-28T21:00:00+00:00	g6e.2xlarge	us-east-1c	2.197500
2026-07-28T23:00:00+00:00	g6e.2xlarge	us-east-1a	2.087600
2026-07-28T23:00:00+00:00	g6e.2xlarge	us-east-1b	2.242100
2026-07-28T23:00:00+00:00	g6e.2xlarge	us-east-1d	2.242100
2026-07-28T23:00:00+00:00	g6e.xlarge	us-east-1b	1.861000
2026-07-29T00:00:00+00:00	g6e.xlarge	us-east-1d	1.861000
2026-07-29T01:00:00+00:00	g6e.2xlarge	us-east-1c	2.197700
2026-07-29T02:00:00+00:00	g6e.xlarge	us-east-1a	1.861000
2026-07-29T04:00:00+00:00	g6e.xlarge	us-east-1c	1.861000
2026-07-29T04:00:00+00:00	g6e.xlarge	us-east-1d	1.861000
2026-07-29T05:00:00+00:00	g6e.2xlarge	us-east-1a	2.052200
2026-07-29T05:00:00+00:00	g6e.2xlarge	us-east-1c	2.197700
2026-07-29T05:00:00+00:00	g6e.2xlarge	us-east-1d	2.242100
2026-07-29T07:00:00+00:00	g6e.xlarge	us-east-1b	1.861000
2026-07-29T08:00:00+00:00	g6e.2xlarge	us-east-1b	2.242100
2026-07-29T08:00:00+00:00	g6e.xlarge	us-east-1a	1.861000
2026-07-29T10:00:00+00:00	g6e.2xlarge	us-east-1c	2.197200
2026-07-29T10:00:00+00:00	g6e.xlarge	us-east-1d	1.861000
2026-07-29T12:00:00+00:00	g6e.xlarge	us-east-1c	1.861000
2026-07-29T13:00:00+00:00	g6e.2xlarge	us-east-1a	2.032900
2026-07-29T13:00:00+00:00	g6e.xlarge	us-east-1b	1.861000
2026-07-29T14:00:00+00:00	g6e.2xlarge	us-east-1d	2.242100
2026-07-29T14:00:00+00:00	g6e.xlarge	us-east-1d	1.861000
2026-07-29T15:00:00+00:00	g6e.2xlarge	us-east-1b	2.242100
2026-07-29T15:00:00+00:00	g6e.2xlarge	us-east-1c	2.196900
2026-07-29T16:00:00+00:00	g6e.xlarge	us-east-1a	1.861000
2026-07-29T17:00:00+00:00	g6e.2xlarge	us-east-1a	2.032900
2026-07-29T17:00:00+00:00	g6e.xlarge	us-east-1c	1.861000
2026-07-29T18:00:00+00:00	g6e.xlarge	us-east-1b	1.861000
2026-07-29T20:00:00+00:00	g6e.2xlarge	us-east-1d	2.242100
2026-07-29T20:00:00+00:00	g6e.xlarge	us-east-1a	1.861000
2026-07-29T20:00:00+00:00	g6e.xlarge	us-east-1c	1.861000
2026-07-29T20:00:00+00:00	g6e.xlarge	us-east-1d	1.861000
2026-07-29T21:00:00+00:00	g6e.2xlarge	us-east-1a	2.032700
2026-07-29T21:00:00+00:00	g6e.2xlarge	us-east-1b	2.242100
2026-07-29T22:00:00+00:00	g6e.2xlarge	us-east-1c	2.195800
2026-07-30T00:00:00+00:00	g6e.2xlarge	us-east-1b	2.242100
2026-07-30T01:00:00+00:00	g6e.xlarge	us-east-1a	1.861000
2026-07-30T02:00:00+00:00	g6e.2xlarge	us-east-1a	2.033900
2026-07-30T02:00:00+00:00	g6e.2xlarge	us-east-1d	2.242100
2026-07-30T02:00:00+00:00	g6e.xlarge	us-east-1b	1.861000
2026-07-30T02:00:00+00:00	g6e.xlarge	us-east-1c	1.861000
2026-07-30T03:00:00+00:00	g6e.xlarge	us-east-1d	1.861000
2026-07-30T06:00:00+00:00	g6e.xlarge	us-east-1c	1.861000
2026-07-30T07:00:00+00:00	g6e.2xlarge	us-east-1c	2.197400
2026-07-30T07:00:00+00:00	g6e.2xlarge	us-east-1d	2.242100
2026-07-30T07:00:00+00:00	g6e.xlarge	us-east-1b	1.861000
2026-07-30T07:00:00+00:00	g6e.xlarge	us-east-1d	1.861000
2026-07-30T09:00:00+00:00	g6e.2xlarge	us-east-1a	2.036600
2026-07-30T09:00:00+00:00	g6e.2xlarge	us-east-1b	2.242100
2026-07-30T10:00:00+00:00	g6e.2xlarge	us-east-1c	2.197400
2026-07-30T10:00:00+00:00	g6e.xlarge	us-east-1a	1.861000
2026-07-30T11:00:00+00:00	g6e.xlarge	us-east-1c	1.861000
2026-07-30T13:00:00+00:00	g6e.2xlarge	us-east-1b	2.242100
2026-07-30T14:00:00+00:00	g6e.2xlarge	us-east-1d	2.242100
2026-07-30T15:00:00+00:00	g6e.xlarge	us-east-1b	1.861000
2026-07-30T15:00:00+00:00	g6e.xlarge	us-east-1d	1.861000
2026-07-30T17:00:00+00:00	g6e.2xlarge	us-east-1a	2.037400
2026-07-30T17:00:00+00:00	g6e.xlarge	us-east-1a	1.861000
2026-07-30T18:00:00+00:00	g6e.2xlarge	us-east-1b	2.242100
2026-07-30T18:00:00+00:00	g6e.2xlarge	us-east-1c	2.196500
2026-07-30T19:00:00+00:00	g6e.xlarge	us-east-1c	1.861000
2026-07-30T19:00:00+00:00	g6e.xlarge	us-east-1d	1.861000
2026-07-30T21:00:00+00:00	g6e.2xlarge	us-east-1a	2.038500
2026-07-30T21:00:00+00:00	g6e.xlarge	us-east-1b	1.861000
2026-07-30T22:00:00+00:00	g6e.2xlarge	us-east-1d	2.242100
2026-07-30T22:00:00+00:00	g6e.xlarge	us-east-1d	1.861000
2026-07-30T23:00:00+00:00	g6e.xlarge	us-east-1c	1.861000
2026-07-31T00:00:00+00:00	g6e.2xlarge	us-east-1a	2.038500
2026-07-31T00:00:00+00:00	g6e.xlarge	us-east-1a	1.861000
2026-07-31T01:00:00+00:00	g6e.2xlarge	us-east-1b	2.242100
2026-07-31T01:00:00+00:00	g6e.2xlarge	us-east-1c	2.195700
2026-07-31T02:00:00+00:00	g6e.xlarge	us-east-1c	1.861000
2026-07-31T04:00:00+00:00	g6e.2xlarge	us-east-1b	2.242100
2026-07-31T04:00:00+00:00	g6e.2xlarge	us-east-1d	2.242100
2026-07-31T04:00:00+00:00	g6e.xlarge	us-east-1b	1.861000
2026-07-31T07:00:00+00:00	g6e.2xlarge	us-east-1c	2.195200
2026-07-31T07:00:00+00:00	g6e.2xlarge	us-east-1d	2.242100
2026-07-31T07:00:00+00:00	g6e.xlarge	us-east-1a	1.861000
2026-07-31T07:00:00+00:00	g6e.xlarge	us-east-1d	1.861000
2026-07-31T09:00:00+00:00	g6e.2xlarge	us-east-1a	2.040000
2026-07-31T10:00:00+00:00	g6e.2xlarge	us-east-1b	2.242100
2026-07-31T10:00:00+00:00	g6e.xlarge	us-east-1c	1.861000
2026-07-31T11:00:00+00:00	g6e.xlarge	us-east-1b	1.861000
2026-07-31T12:00:00+00:00	g6e.2xlarge	us-east-1c	2.195200
2026-07-31T12:00:00+00:00	g6e.2xlarge	us-east-1d	2.242100
2026-07-31T12:00:00+00:00	g6e.xlarge	us-east-1d	1.861000
2026-07-31T13:00:00+00:00	g6e.xlarge	us-east-1c	1.861000
2026-07-31T14:00:00+00:00	g6e.xlarge	us-east-1a	1.861000
2026-07-31T16:00:00+00:00	g6e.2xlarge	us-east-1a	2.040300
2026-07-31T18:00:00+00:00	g6e.2xlarge	us-east-1b	2.242100
2026-07-31T18:00:00+00:00	g6e.xlarge	us-east-1a	1.861000
2026-07-31T18:00:00+00:00	g6e.xlarge	us-east-1d	1.861000
2026-07-31T19:00:00+00:00	g6e.xlarge	us-east-1b	1.861000
2026-07-31T20:00:00+00:00	g6e.2xlarge	us-east-1c	2.192500
2026-07-31T21:00:00+00:00	g6e.2xlarge	us-east-1d	2.242100
2026-07-31T22:00:00+00:00	g6e.2xlarge	us-east-1a	2.040900
2026-07-31T22:00:00+00:00	g6e.xlarge	us-east-1b	1.861000
2026-07-31T22:00:00+00:00	g6e.xlarge	us-east-1c	1.861000
2026-07-31T22:00:00+00:00	g6e.xlarge	us-east-1d	1.861000
2026-08-01T00:00:00+00:00	g6e.2xlarge	us-east-1b	2.242100
2026-08-01T00:00:00+00:00	g6e.2xlarge	us-east-1c	2.192500
2026-08-01T00:00:00+00:00	g6e.2xlarge	us-east-1d	2.242100
2026-08-01T01:00:00+00:00	g6e.xlarge	us-east-1a	1.861000
2026-08-01T04:00:00+00:00	g6e.2xlarge	us-east-1a	2.041700
2026-08-01T04:00:00+00:00	g6e.2xlarge	us-east-1b	2.242100
2026-08-01T04:00:00+00:00	g6e.xlarge	us-east-1a	1.861000
2026-08-01T05:00:00+00:00	g6e.2xlarge	us-east-1c	2.194200
2026-08-01T05:00:00+00:00	g6e.xlarge	us-east-1c	1.861000
2026-08-01T06:00:00+00:00	g6e.xlarge	us-east-1b	1.861000
2026-08-01T06:00:00+00:00	g6e.xlarge	us-east-1d	1.861000
2026-08-01T08:00:00+00:00	g6e.2xlarge	us-east-1d	2.242100
2026-08-01T09:00:00+00:00	g6e.2xlarge	us-east-1b	2.242100
2026-08-01T11:00:00+00:00	g6e.2xlarge	us-east-1c	2.193700
2026-08-01T11:00:00+00:00	g6e.xlarge	us-east-1a	1.861000
2026-08-01T11:00:00+00:00	g6e.xlarge	us-east-1c	1.861000
2026-08-01T11:00:00+00:00	g6e.xlarge	us-east-1d	1.841100
2026-08-01T13:00:00+00:00	g6e.2xlarge	us-east-1a	2.045400
2026-08-01T14:00:00+00:00	g6e.xlarge	us-east-1b	1.861000
2026-08-01T15:00:00+00:00	g6e.2xlarge	us-east-1b	2.242100
2026-08-01T15:00:00+00:00	g6e.xlarge	us-east-1d	1.807000
2026-08-01T17:00:00+00:00	g6e.2xlarge	us-east-1a	2.045400
2026-08-01T17:00:00+00:00	g6e.2xlarge	us-east-1d	2.242100
2026-08-01T18:00:00+00:00	g6e.2xlarge	us-east-1c	2.193800
2026-08-01T18:00:00+00:00	g6e.xlarge	us-east-1c	1.861000
2026-08-01T18:00:00+00:00	g6e.xlarge	us-east-1d	1.805500
2026-08-01T20:00:00+00:00	g6e.xlarge	us-east-1a	1.861000
2026-08-01T21:00:00+00:00	g6e.2xlarge	us-east-1c	2.192600
2026-08-01T22:00:00+00:00	g6e.xlarge	us-east-1b	1.861000
2026-08-01T23:00:00+00:00	g6e.2xlarge	us-east-1b	2.242100
2026-08-02T01:00:00+00:00	g6e.2xlarge	us-east-1d	2.242100
2026-08-02T01:00:00+00:00	g6e.xlarge	us-east-1c	1.861000
2026-08-02T01:00:00+00:00	g6e.xlarge	us-east-1d	1.796100
2026-08-02T02:00:00+00:00	g6e.2xlarge	us-east-1a	2.045300
2026-08-02T03:00:00+00:00	g6e.xlarge	us-east-1b	1.861000
2026-08-02T04:00:00+00:00	g6e.2xlarge	us-east-1c	2.192900
2026-08-02T04:00:00+00:00	g6e.2xlarge	us-east-1d	2.242100
2026-08-02T04:00:00+00:00	g6e.xlarge	us-east-1a	1.861000
2026-08-02T05:00:00+00:00	g6e.2xlarge	us-east-1b	2.242100
2026-08-02T06:00:00+00:00	g6e.xlarge	us-east-1b	1.861000
2026-08-02T07:00:00+00:00	g6e.xlarge	us-east-1c	1.861000
2026-08-02T07:00:00+00:00	g6e.xlarge	us-east-1d	1.766300
2026-08-02T08:00:00+00:00	g6e.2xlarge	us-east-1c	2.198400
2026-08-02T09:00:00+00:00	g6e.2xlarge	us-east-1a	2.046800
2026-08-02T09:00:00+00:00	g6e.2xlarge	us-east-1b	2.239100
2026-08-02T11:00:00+00:00	g6e.xlarge	us-east-1b	1.861000
2026-08-02T11:00:00+00:00	g6e.xlarge	us-east-1c	1.861000
2026-08-02T12:00:00+00:00	g6e.2xlarge	us-east-1b	2.239100
2026-08-02T12:00:00+00:00	g6e.2xlarge	us-east-1d	2.242100
2026-08-02T13:00:00+00:00	g6e.xlarge	us-east-1a	1.861000
2026-08-02T15:00:00+00:00	g6e.2xlarge	us-east-1a	2.060900
2026-08-02T15:00:00+00:00	g6e.2xlarge	us-east-1c	2.201700
2026-08-02T16:00:00+00:00	g6e.2xlarge	us-east-1b	2.224900
2026-08-02T16:00:00+00:00	g6e.xlarge	us-east-1a	1.861000
2026-08-02T16:00:00+00:00	g6e.xlarge	us-east-1b	1.861000
2026-08-02T16:00:00+00:00	g6e.xlarge	us-east-1d	1.758700
2026-08-02T18:00:00+00:00	g6e.2xlarge	us-east-1d	2.242100
2026-08-02T19:00:00+00:00	g6e.2xlarge	us-east-1a	2.080500
2026-08-02T19:00:00+00:00	g6e.2xlarge	us-east-1b	2.232700
2026-08-02T19:00:00+00:00	g6e.2xlarge	us-east-1c	2.206000
2026-08-02T19:00:00+00:00	g6e.xlarge	us-east-1c	1.861000
2026-08-02T20:00:00+00:00	g6e.xlarge	us-east-1d	1.734900
2026-08-02T22:00:00+00:00	g6e.2xlarge	us-east-1c	2.209200
2026-08-03T00:00:00+00:00	g6e.xlarge	us-east-1b	1.861000
2026-08-03T01:00:00+00:00	g6e.2xlarge	us-east-1b	2.242100
2026-08-03T01:00:00+00:00	g6e.xlarge	us-east-1a	1.861000
2026-08-03T02:00:00+00:00	g6e.2xlarge	us-east-1c	2.211500
2026-08-03T02:00:00+00:00	g6e.2xlarge	us-east-1d	2.242100
2026-08-03T03:00:00+00:00	g6e.2xlarge	us-east-1a	2.104400
2026-08-03T04:00:00+00:00	g6e.xlarge	us-east-1c	1.861000
2026-08-03T05:00:00+00:00	g6e.2xlarge	us-east-1c	2.211500
2026-08-03T05:00:00+00:00	g6e.xlarge	us-east-1d	1.704200
2026-08-03T07:00:00+00:00	g6e.xlarge	us-east-1b	1.861000
2026-08-03T09:00:00+00:00	g6e.2xlarge	us-east-1b	2.229900
2026-08-03T09:00:00+00:00	g6e.xlarge	us-east-1c	1.861000
2026-08-03T10:00:00+00:00	g6e.2xlarge	us-east-1d	2.242100
2026-08-03T10:00:00+00:00	g6e.xlarge	us-east-1a	1.861000
2026-08-03T12:00:00+00:00	g6e.2xlarge	us-east-1a	2.119900
2026-08-03T12:00:00+00:00	g6e.2xlarge	us-east-1c	2.218700
2026-08-03T13:00:00+00:00	g6e.xlarge	us-east-1b	1.861000
2026-08-03T13:00:00+00:00	g6e.xlarge	us-east-1c	1.861000
2026-08-03T13:00:00+00:00	g6e.xlarge	us-east-1d	1.679100
2026-08-03T15:00:00+00:00	g6e.xlarge	us-east-1a	1.861000
2026-08-03T17:00:00+00:00	g6e.2xlarge	us-east-1b	2.201700
2026-08-03T17:00:00+00:00	g6e.xlarge	us-east-1d	1.673400
2026-08-03T18:00:00+00:00	g6e.2xlarge	us-east-1d	2.242100
2026-08-03T20:00:00+00:00	g6e.2xlarge	us-east-1c	2.226300
2026-08-03T20:00:00+00:00	g6e.xlarge	us-east-1b	1.861000
2026-08-03T20:00:00+00:00	g6e.xlarge	us-east-1c	1.861000
2026-08-03T21:00:00+00:00	g6e.2xlarge	us-east-1a	2.155800
2026-08-03T23:00:00+00:00	g6e.xlarge	us-east-1b	1.861000
2026-08-03T23:00:00+00:00	g6e.xlarge	us-east-1d	1.660300
2026-08-04T00:00:00+00:00	g6e.2xlarge	us-east-1d	2.242100
2026-08-04T00:00:00+00:00	g6e.xlarge	us-east-1a	1.861000
2026-08-04T01:00:00+00:00	g6e.xlarge	us-east-1c	1.861000
2026-08-04T02:00:00+00:00	g6e.2xlarge	us-east-1b	2.196700
2026-08-04T02:00:00+00:00	g6e.xlarge	us-east-1b	1.861000
2026-08-04T02:00:00+00:00	g6e.xlarge	us-east-1d	1.649700
2026-08-04T04:00:00+00:00	g6e.2xlarge	us-east-1c	2.227300
2026-08-04T05:00:00+00:00	g6e.2xlarge	us-east-1b	2.196700
2026-08-04T05:00:00+00:00	g6e.xlarge	us-east-1c	1.861000
2026-08-04T06:00:00+00:00	g6e.2xlarge	us-east-1a	2.156900
2026-08-04T06:00:00+00:00	g6e.2xlarge	us-east-1d	2.242100
2026-08-04T07:00:00+00:00	g6e.xlarge	us-east-1b	1.861000
2026-08-04T07:00:00+00:00	g6e.xlarge	us-east-1d	1.629400
2026-08-04T08:00:00+00:00	g6e.2xlarge	us-east-1b	2.177300
2026-08-04T09:00:00+00:00	g6e.2xlarge	us-east-1d	2.242100
2026-08-04T09:00:00+00:00	g6e.xlarge	us-east-1a	1.861000
2026-08-04T10:00:00+00:00	g6e.2xlarge	us-east-1c	2.229300
2026-08-04T12:00:00+00:00	g6e.2xlarge	us-east-1b	2.176900
2026-08-04T13:00:00+00:00	g6e.2xlarge	us-east-1a	2.152400
2026-08-04T13:00:00+00:00	g6e.xlarge	us-east-1b	1.861000
2026-08-04T13:00:00+00:00	g6e.xlarge	us-east-1c	1.861000
2026-08-04T14:00:00+00:00	g6e.xlarge	us-east-1a	1.861000
2026-08-04T16:00:00+00:00	g6e.xlarge	us-east-1c	1.861000
2026-08-04T16:00:00+00:00	g6e.xlarge	us-east-1d	1.623000
2026-08-04T18:00:00+00:00	g6e.2xlarge	us-east-1c	2.230100
2026-08-04T18:00:00+00:00	g6e.2xlarge	us-east-1d	2.242100
2026-08-04T18:00:00+00:00	g6e.xlarge	us-east-1a	1.861000
2026-08-04T18:00:00+00:00	g6e.xlarge	us-east-1b	1.861000
2026-08-04T21:00:00+00:00	g6e.2xlarge	us-east-1b	2.174800
2026-08-04T21:00:00+00:00	g6e.xlarge	us-east-1b	1.861000
2026-08-04T22:00:00+00:00	g6e.2xlarge	us-east-1a	2.148400
2026-08-04T22:00:00+00:00	g6e.xlarge	us-east-1d	1.614200
2026-08-05T01:00:00+00:00	g6e.2xlarge	us-east-1d	2.242100
2026-08-05T01:00:00+00:00	g6e.xlarge	us-east-1c	1.861000
2026-08-05T02:00:00+00:00	g6e.xlarge	us-east-1b	1.861000
2026-08-05T02:00:00+00:00	g6e.xlarge	us-east-1d	1.594100
2026-08-05T03:00:00+00:00	g6e.2xlarge	us-east-1b	2.174600
2026-08-05T03:00:00+00:00	g6e.2xlarge	us-east-1c	2.229200
2026-08-05T03:00:00+00:00	g6e.xlarge	us-east-1a	1.861000
2026-08-05T05:00:00+00:00	g6e.2xlarge	us-east-1a	2.149100
2026-08-05T06:00:00+00:00	g6e.2xlarge	us-east-1d	2.242100
2026-08-05T09:00:00+00:00	g6e.2xlarge	us-east-1b	2.171000
2026-08-05T09:00:00+00:00	g6e.xlarge	us-east-1a	1.861000
2026-08-05T09:00:00+00:00	g6e.xlarge	us-east-1c	1.861000
2026-08-05T09:00:00+00:00	g6e.xlarge	us-east-1d	1.567700
2026-08-05T10:00:00+00:00	g6e.2xlarge	us-east-1c	2.229100
2026-08-05T10:00:00+00:00	g6e.xlarge	us-east-1b	1.861000
2026-08-05T11:00:00+00:00	g6e.2xlarge	us-east-1d	2.242100
2026-08-05T12:00:00+00:00	g6e.2xlarge	us-east-1a	2.148800
2026-08-05T12:00:00+00:00	g6e.xlarge	us-east-1c	1.861000
2026-08-05T13:00:00+00:00	g6e.2xlarge	us-east-1c	2.228700
2026-08-05T15:00:00+00:00	g6e.2xlarge	us-east-1b	2.175100
2026-08-05T15:00:00+00:00	g6e.2xlarge	us-east-1d	2.242100
2026-08-05T15:00:00+00:00	g6e.xlarge	us-east-1d	1.545500
2026-08-05T16:00:00+00:00	g6e.xlarge	us-east-1a	1.861000
2026-08-05T19:00:00+00:00	g6e.2xlarge	us-east-1c	2.224500
2026-08-05T19:00:00+00:00	g6e.2xlarge	us-east-1d	2.242100
2026-08-05T19:00:00+00:00	g6e.xlarge	us-east-1b	1.861000
2026-08-05T20:00:00+00:00	g6e.xlarge	us-east-1d	1.557700
2026-08-05T21:00:00+00:00	g6e.2xlarge	us-east-1a	2.147600
2026-08-05T21:00:00+00:00	g6e.2xlarge	us-east-1b	2.177500
2026-08-05T21:00:00+00:00	g6e.xlarge	us-east-1a	1.861000
2026-08-05T21:00:00+00:00	g6e.xlarge	us-east-1c	1.861000
2026-08-05T23:00:00+00:00	g6e.2xlarge	us-east-1d	2.242100
2026-08-06T00:00:00+00:00	g6e.2xlarge	us-east-1a	2.147600
2026-08-06T00:00:00+00:00	g6e.2xlarge	us-east-1b	2.177500
2026-08-06T00:00:00+00:00	g6e.xlarge	us-east-1b	1.861000
2026-08-06T00:00:00+00:00	g6e.xlarge	us-east-1c	1.861000
2026-08-06T00:00:00+00:00	g6e.xlarge	us-east-1d	1.557700
2026-08-06T02:00:00+00:00	g6e.xlarge	us-east-1a	1.861000
2026-08-06T03:00:00+00:00	g6e.2xlarge	us-east-1c	2.224600
2026-08-06T03:00:00+00:00	g6e.2xlarge	us-east-1d	2.242100
2026-08-06T04:00:00+00:00	g6e.xlarge	us-east-1b	1.861000
2026-08-06T04:00:00+00:00	g6e.xlarge	us-east-1c	1.861000
2026-08-06T05:00:00+00:00	g6e.xlarge	us-east-1d	1.564900
2026-08-06T06:00:00+00:00	g6e.xlarge	us-east-1a	1.861000
2026-08-06T07:00:00+00:00	g6e.2xlarge	us-east-1c	2.225900
2026-08-06T08:00:00+00:00	g6e.2xlarge	us-east-1d	2.242100
2026-08-06T08:00:00+00:00	g6e.xlarge	us-east-1b	1.861000
2026-08-06T08:00:00+00:00	g6e.xlarge	us-east-1c	1.861000
2026-08-06T09:00:00+00:00	g6e.2xlarge	us-east-1a	2.149900
2026-08-06T09:00:00+00:00	g6e.2xlarge	us-east-1b	2.187600
2026-08-06T12:00:00+00:00	g6e.2xlarge	us-east-1a	2.149900
2026-08-06T12:00:00+00:00	g6e.xlarge	us-east-1c	1.861000
2026-08-06T13:00:00+00:00	g6e.2xlarge	us-east-1b	2.192500
2026-08-06T14:00:00+00:00	g6e.2xlarge	us-east-1d	2.242100
2026-08-06T14:00:00+00:00	g6e.xlarge	us-east-1a	1.861000
2026-08-06T14:00:00+00:00	g6e.xlarge	us-east-1b	1.861000
2026-08-06T14:00:00+00:00	g6e.xlarge	us-east-1d	1.565400
2026-08-06T16:00:00+00:00	g6e.2xlarge	us-east-1c	2.225800
2026-08-06T18:00:00+00:00	g6e.2xlarge	us-east-1b	2.192500
2026-08-06T18:00:00+00:00	g6e.2xlarge	us-east-1d	2.242100
2026-08-06T19:00:00+00:00	g6e.xlarge	us-east-1c	1.861000
2026-08-06T19:00:00+00:00	g6e.xlarge	us-east-1d	1.567600
2026-08-06T20:00:00+00:00	g6e.xlarge	us-east-1a	1.861000
2026-08-06T21:00:00+00:00	g6e.2xlarge	us-east-1a	2.153000
2026-08-06T21:00:00+00:00	g6e.xlarge	us-east-1b	1.861000
2026-08-06T22:00:00+00:00	g6e.2xlarge	us-east-1c	2.225500
2026-08-06T23:00:00+00:00	g6e.xlarge	us-east-1d	1.582600
2026-08-07T00:00:00+00:00	g6e.xlarge	us-east-1b	1.861000
2026-08-07T00:00:00+00:00	g6e.xlarge	us-east-1c	1.861000
2026-08-07T01:00:00+00:00	g6e.2xlarge	us-east-1b	2.198000
2026-08-07T01:00:00+00:00	g6e.2xlarge	us-east-1d	2.242100
2026-08-07T02:00:00+00:00	g6e.2xlarge	us-east-1c	2.225100
2026-08-07T04:00:00+00:00	g6e.2xlarge	us-east-1a	2.153000
2026-08-07T04:00:00+00:00	g6e.xlarge	us-east-1c	1.861000
2026-08-07T05:00:00+00:00	g6e.xlarge	us-east-1a	1.861000
2026-08-07T06:00:00+00:00	g6e.2xlarge	us-east-1c	2.225100
2026-08-07T06:00:00+00:00	g6e.xlarge	us-east-1b	1.861000
2026-08-07T06:00:00+00:00	g6e.xlarge	us-east-1d	1.585200
2026-08-07T07:00:00+00:00	g6e.2xlarge	us-east-1b	2.205500
2026-08-07T07:00:00+00:00	g6e.xlarge	us-east-1c	1.861000
2026-08-07T08:00:00+00:00	g6e.2xlarge	us-east-1d	2.242100
2026-08-07T09:00:00+00:00	g6e.xlarge	us-east-1b	1.861000
2026-08-07T10:00:00+00:00	g6e.2xlarge	us-east-1c	2.222800
2026-08-07T11:00:00+00:00	g6e.2xlarge	us-east-1d	2.242100
2026-08-07T11:00:00+00:00	g6e.xlarge	us-east-1a	1.861000
2026-08-07T11:00:00+00:00	g6e.xlarge	us-east-1d	1.600700
2026-08-07T13:00:00+00:00	g6e.2xlarge	us-east-1a	2.149100
2026-08-07T13:00:00+00:00	g6e.xlarge	us-east-1b	1.861000
2026-08-07T13:00:00+00:00	g6e.xlarge	us-east-1c	1.861000
2026-08-07T14:00:00+00:00	g6e.2xlarge	us-east-1c	2.222000
2026-08-07T15:00:00+00:00	g6e.xlarge	us-east-1a	1.861000
2026-08-07T15:00:00+00:00	g6e.xlarge	us-east-1d	1.600800
2026-08-07T16:00:00+00:00	g6e.2xlarge	us-east-1b	2.209800
2026-08-07T16:00:00+00:00	g6e.2xlarge	us-east-1d	2.242100
2026-08-07T18:00:00+00:00	g6e.xlarge	us-east-1b	1.861000
2026-08-07T21:00:00+00:00	g6e.xlarge	us-east-1a	1.861000
2026-08-07T22:00:00+00:00	g6e.2xlarge	us-east-1a	2.149500
2026-08-07T22:00:00+00:00	g6e.2xlarge	us-east-1b	2.209400
2026-08-07T22:00:00+00:00	g6e.2xlarge	us-east-1c	2.221200
2026-08-07T22:00:00+00:00	g6e.2xlarge	us-east-1d	2.242100
2026-08-07T22:00:00+00:00	g6e.xlarge	us-east-1c	1.861000
2026-08-07T23:00:00+00:00	g6e.xlarge	us-east-1b	1.861000
2026-08-07T23:00:00+00:00	g6e.xlarge	us-east-1d	1.611300
2026-08-08T03:00:00+00:00	g6e.2xlarge	us-east-1a	2.148800
2026-08-08T04:00:00+00:00	g6e.2xlarge	us-east-1b	2.209800
2026-08-08T04:00:00+00:00	g6e.xlarge	us-east-1d	1.609800
2026-08-08T05:00:00+00:00	g6e.2xlarge	us-east-1d	2.242100
2026-08-08T05:00:00+00:00	g6e.xlarge	us-east-1a	1.861000
2026-08-08T05:00:00+00:00	g6e.xlarge	us-east-1c	1.861000
2026-08-08T06:00:00+00:00	g6e.2xlarge	us-east-1c	2.218900
2026-08-08T06:00:00+00:00	g6e.xlarge	us-east-1b	1.861000
2026-08-08T07:00:00+00:00	g6e.2xlarge	us-east-1a	2.146800
2026-08-08T09:00:00+00:00	g6e.xlarge	us-east-1a	1.861000
2026-08-08T10:00:00+00:00	g6e.2xlarge	us-east-1a	2.146800
2026-08-08T10:00:00+00:00	g6e.xlarge	us-east-1c	1.861000
2026-08-08T10:00:00+00:00	g6e.xlarge	us-east-1d	1.613800
2026-08-08T12:00:00+00:00	g6e.2xlarge	us-east-1b	2.213200
2026-08-08T12:00:00+00:00	g6e.2xlarge	us-east-1d	2.242100
2026-08-08T13:00:00+00:00	g6e.xlarge	us-east-1b	1.861000
2026-08-08T14:00:00+00:00	g6e.2xlarge	us-east-1c	2.216000
2026-08-08T16:00:00+00:00	g6e.2xlarge	us-east-1b	2.215200
2026-08-08T16:00:00+00:00	g6e.xlarge	us-east-1a	1.861000
2026-08-08T17:00:00+00:00	g6e.2xlarge	us-east-1a	2.146500
2026-08-08T17:00:00+00:00	g6e.2xlarge	us-east-1d	2.242100
2026-08-08T17:00:00+00:00	g6e.xlarge	us-east-1b	1.861000
2026-08-08T18:00:00+00:00	g6e.xlarge	us-east-1c	1.861000
2026-08-08T18:00:00+00:00	g6e.xlarge	us-east-1d	1.609700
2026-08-08T20:00:00+00:00	g6e.xlarge	us-east-1b	1.861000
2026-08-08T21:00:00+00:00	g6e.2xlarge	us-east-1c	2.215500
2026-08-08T23:00:00+00:00	g6e.xlarge	us-east-1a	1.861000
2026-08-09T00:00:00+00:00	g6e.2xlarge	us-east-1a	2.145700
2026-08-09T00:00:00+00:00	g6e.2xlarge	us-east-1b	2.221700
2026-08-09T00:00:00+00:00	g6e.2xlarge	us-east-1d	2.242100
2026-08-09T00:00:00+00:00	g6e.xlarge	us-east-1c	1.861000
2026-08-09T02:00:00+00:00	g6e.2xlarge	us-east-1c	2.214300
2026-08-09T02:00:00+00:00	g6e.xlarge	us-east-1b	1.861000
2026-08-09T02:00:00+00:00	g6e.xlarge	us-east-1d	1.608300
2026-08-09T03:00:00+00:00	g6e.2xlarge	us-east-1b	2.222400
2026-08-09T04:00:00+00:00	g6e.xlarge	us-east-1c	1.861000
2026-08-09T07:00:00+00:00	g6e.2xlarge	us-east-1a	2.147900
2026-08-09T07:00:00+00:00	g6e.2xlarge	us-east-1c	2.214300
2026-08-09T07:00:00+00:00	g6e.xlarge	us-east-1a	1.861000
2026-08-09T07:00:00+00:00	g6e.xlarge	us-east-1b	1.861000
2026-08-09T08:00:00+00:00	g6e.2xlarge	us-east-1d	2.207600
2026-08-09T08:00:00+00:00	g6e.xlarge	us-east-1d	1.605200
2026-08-09T09:00:00+00:00	g6e.xlarge	us-east-1c	1.861000
2026-08-09T10:00:00+00:00	g6e.2xlarge	us-east-1b	2.220800
2026-08-09T12:00:00+00:00	g6e.xlarge	us-east-1a	1.861000
2026-08-09T12:00:00+00:00	g6e.xlarge	us-east-1b	1.861000
2026-08-09T13:00:00+00:00	g6e.2xlarge	us-east-1a	2.153700
2026-08-09T13:00:00+00:00	g6e.xlarge	us-east-1c	1.861000
2026-08-09T15:00:00+00:00	g6e.2xlarge	us-east-1c	2.216500
2026-08-09T15:00:00+00:00	g6e.xlarge	us-east-1b	1.861000
2026-08-09T16:00:00+00:00	g6e.2xlarge	us-east-1d	2.196100
2026-08-09T17:00:00+00:00	g6e.2xlarge	us-east-1b	2.232400
2026-08-09T17:00:00+00:00	g6e.xlarge	us-east-1d	1.601300
2026-08-09T19:00:00+00:00	g6e.2xlarge	us-east-1a	2.167500
2026-08-09T20:00:00+00:00	g6e.2xlarge	us-east-1b	2.242100
2026-08-09T20:00:00+00:00	g6e.xlarge	us-east-1a	1.861000
2026-08-09T21:00:00+00:00	g6e.xlarge	us-east-1d	1.605500
2026-08-09T22:00:00+00:00	g6e.2xlarge	us-east-1d	2.193600
2026-08-09T22:00:00+00:00	g6e.xlarge	us-east-1c	1.861000
2026-08-09T23:00:00+00:00	g6e.2xlarge	us-east-1a	2.167500
2026-08-10T00:00:00+00:00	g6e.2xlarge	us-east-1c	2.224300
2026-08-10T00:00:00+00:00	g6e.xlarge	us-east-1b	1.861000
2026-08-10T04:00:00+00:00	g6e.2xlarge	us-east-1d	2.190000
2026-08-10T04:00:00+00:00	g6e.xlarge	us-east-1a	1.861000
2026-08-10T04:00:00+00:00	g6e.xlarge	us-east-1b	1.861000
2026-08-10T05:00:00+00:00	g6e.2xlarge	us-east-1a	2.182000
2026-08-10T05:00:00+00:00	g6e.2xlarge	us-east-1b	2.242100
2026-08-10T05:00:00+00:00	g6e.2xlarge	us-east-1c	2.234100
2026-08-10T05:00:00+00:00	g6e.xlarge	us-east-1c	1.861000
2026-08-10T05:00:00+00:00	g6e.xlarge	us-east-1d	1.611900
2026-08-10T08:00:00+00:00	g6e.2xlarge	us-east-1b	2.242100
2026-08-10T10:00:00+00:00	g6e.2xlarge	us-east-1c	2.242100
2026-08-10T11:00:00+00:00	g6e.2xlarge	us-east-1a	2.191700
2026-08-10T11:00:00+00:00	g6e.2xlarge	us-east-1d	2.178200
2026-08-10T11:00:00+00:00	g6e.xlarge	us-east-1b	1.861000
2026-08-10T13:00:00+00:00	g6e.2xlarge	us-east-1b	2.242100
2026-08-10T13:00:00+00:00	g6e.xlarge	us-east-1a	1.861000
2026-08-10T14:00:00+00:00	g6e.2xlarge	us-east-1d	2.141900
2026-08-10T14:00:00+00:00	g6e.xlarge	us-east-1c	1.861000
2026-08-10T14:00:00+00:00	g6e.xlarge	us-east-1d	1.624800
2026-08-10T16:00:00+00:00	g6e.2xlarge	us-east-1c	2.242100
2026-08-10T17:00:00+00:00	g6e.xlarge	us-east-1d	1.629700
2026-08-10T18:00:00+00:00	g6e.xlarge	us-east-1c	1.861000
2026-08-10T19:00:00+00:00	g6e.2xlarge	us-east-1a	2.192200
2026-08-10T19:00:00+00:00	g6e.2xlarge	us-east-1c	2.242100
2026-08-10T20:00:00+00:00	g6e.xlarge	us-east-1b	1.861000
2026-08-10T21:00:00+00:00	g6e.xlarge	us-east-1a	1.861000
2026-08-10T22:00:00+00:00	g6e.2xlarge	us-east-1b	2.242100
2026-08-10T22:00:00+00:00	g6e.2xlarge	us-east-1d	2.122000
2026-08-11T00:00:00+00:00	g6e.2xlarge	us-east-1c	2.242100
2026-08-11T01:00:00+00:00	g6e.xlarge	us-east-1c	1.861000
2026-08-11T01:00:00+00:00	g6e.xlarge	us-east-1d	1.637400
2026-08-11T02:00:00+00:00	g6e.xlarge	us-east-1a	1.861000
2026-08-11T03:00:00+00:00	g6e.2xlarge	us-east-1a	2.213800
2026-08-11T03:00:00+00:00	g6e.2xlarge	us-east-1b	2.241800
2026-08-11T03:00:00+00:00	g6e.2xlarge	us-east-1d	2.115700
2026-08-11T03:00:00+00:00	g6e.xlarge	us-east-1b	1.861000
2026-08-11T05:00:00+00:00	g6e.2xlarge	us-east-1c	2.242100
2026-08-11T06:00:00+00:00	g6e.xlarge	us-east-1d	1.660600
2026-08-11T08:00:00+00:00	g6e.2xlarge	us-east-1b	2.230500
2026-08-11T09:00:00+00:00	g6e.2xlarge	us-east-1d	2.076500
2026-08-11T09:00:00+00:00	g6e.xlarge	us-east-1b	1.861000
2026-08-11T10:00:00+00:00	g6e.2xlarge	us-east-1a	2.216600
2026-08-11T10:00:00+00:00	g6e.2xlarge	us-east-1c	2.242100
2026-08-11T10:00:00+00:00	g6e.xlarge	us-east-1c	1.861000
2026-08-11T11:00:00+00:00	g6e.xlarge	us-east-1a	1.861000
2026-08-11T11:00:00+00:00	g6e.xlarge	us-east-1d	1.665400
2026-08-11T12:00:00+00:00	g6e.xlarge	us-east-1b	1.861000
2026-08-11T13:00:00+00:00	g6e.2xlarge	us-east-1a	2.212900
2026-08-11T13:00:00+00:00	g6e.2xlarge	us-east-1c	2.242100
2026-08-11T14:00:00+00:00	g6e.2xlarge	us-east-1d	2.067100
2026-08-11T14:00:00+00:00	g6e.xlarge	us-east-1c	1.861000
2026-08-11T15:00:00+00:00	g6e.xlarge	us-east-1d	1.664400
2026-08-11T16:00:00+00:00	g6e.2xlarge	us-east-1b	2.210500
2026-08-11T16:00:00+00:00	g6e.2xlarge	us-east-1c	2.242100
2026-08-11T17:00:00+00:00	g6e.xlarge	us-east-1c	1.861000
2026-08-11T19:00:00+00:00	g6e.xlarge	us-east-1b	1.861000
2026-08-11T20:00:00+00:00	g6e.xlarge	us-east-1a	1.861000
2026-08-11T21:00:00+00:00	g6e.xlarge	us-east-1d	1.661600
2026-08-11T22:00:00+00:00	g6e.2xlarge	us-east-1a	2.214200
2026-08-11T22:00:00+00:00	g6e.2xlarge	us-east-1c	2.217500
2026-08-11T22:00:00+00:00	g6e.2xlarge	us-east-1d	2.041300
2026-08-11T23:00:00+00:00	g6e.xlarge	us-east-1b	1.861000
2026-08-12T01:00:00+00:00	g6e.2xlarge	us-east-1a	2.216400
2026-08-12T01:00:00+00:00	g6e.2xlarge	us-east-1b	2.204000
2026-08-12T01:00:00+00:00	g6e.xlarge	us-east-1c	1.861000
2026-08-12T02:00:00+00:00	g6e.xlarge	us-east-1d	1.659500
2026-08-12T04:00:00+00:00	g6e.2xlarge	us-east-1b	2.192700
2026-08-12T04:00:00+00:00	g6e.xlarge	us-east-1a	1.861000
2026-08-12T04:00:00+00:00	g6e.xlarge	us-east-1c	1.861000
2026-08-12T05:00:00+00:00	g6e.2xlarge	us-east-1c	2.208800
2026-08-12T06:00:00+00:00	g6e.2xlarge	us-east-1d	2.008100
2026-08-12T06:00:00+00:00	g6e.xlarge	us-east-1b	1.861000
2026-08-12T07:00:00+00:00	g6e.xlarge	us-east-1a	1.861000
2026-08-12T08:00:00+00:00	g6e.2xlarge	us-east-1a	2.219100
2026-08-12T09:00:00+00:00	g6e.2xlarge	us-east-1d	1.970600
2026-08-12T09:00:00+00:00	g6e.xlarge	us-east-1b	1.861000
2026-08-12T11:00:00+00:00	g6e.2xlarge	us-east-1c	2.191700
2026-08-12T11:00:00+00:00	g6e.xlarge	us-east-1d	1.659500
2026-08-12T12:00:00+00:00	g6e.2xlarge	us-east-1a	2.219100
2026-08-12T13:00:00+00:00	g6e.2xlarge	us-east-1b	2.160100
2026-08-12T13:00:00+00:00	g6e.2xlarge	us-east-1d	1.944200
2026-08-12T13:00:00+00:00	g6e.xlarge	us-east-1c	1.861000
2026-08-12T15:00:00+00:00	g6e.xlarge	us-east-1b	1.861000
2026-08-12T15:00:00+00:00	g6e.xlarge	us-east-1d	1.657800
2026-08-12T16:00:00+00:00	g6e.2xlarge	us-east-1a	2.218700
2026-08-12T16:00:00+00:00	g6e.xlarge	us-east-1a	1.861000
2026-08-12T18:00:00+00:00	g6e.2xlarge	us-east-1d	1.938600
2026-08-12T18:00:00+00:00	g6e.xlarge	us-east-1b	1.861000
2026-08-12T19:00:00+00:00	g6e.2xlarge	us-east-1b	2.126800
2026-08-12T19:00:00+00:00	g6e.2xlarge	us-east-1c	2.163500
2026-08-12T19:00:00+00:00	g6e.xlarge	us-east-1a	1.861000
2026-08-12T21:00:00+00:00	g6e.2xlarge	us-east-1a	2.219200
2026-08-12T21:00:00+00:00	g6e.2xlarge	us-east-1d	1.926600
2026-08-12T22:00:00+00:00	g6e.xlarge	us-east-1a	1.861000
2026-08-12T22:00:00+00:00	g6e.xlarge	us-east-1c	1.861000
2026-08-12T22:00:00+00:00	g6e.xlarge	us-east-1d	1.656700
2026-08-12T23:00:00+00:00	g6e.2xlarge	us-east-1c	2.147800
2026-08-12T23:00:00+00:00	g6e.xlarge	us-east-1b	1.861000
2026-08-13T01:00:00+00:00	g6e.2xlarge	us-east-1b	2.123800
2026-08-13T01:00:00+00:00	g6e.xlarge	us-east-1a	1.861000
2026-08-13T01:00:00+00:00	g6e.xlarge	us-east-1d	1.657900
2026-08-13T02:00:00+00:00	g6e.2xlarge	us-east-1a	2.218700
2026-08-13T02:00:00+00:00	g6e.2xlarge	us-east-1d	1.957100
2026-08-13T02:00:00+00:00	g6e.xlarge	us-east-1c	1.861000
2026-08-13T05:00:00+00:00	g6e.xlarge	us-east-1a	1.861000
2026-08-13T05:00:00+00:00	g6e.xlarge	us-east-1b	1.861000
2026-08-13T06:00:00+00:00	g6e.xlarge	us-east-1c	1.861000
2026-08-13T08:00:00+00:00	g6e.2xlarge	us-east-1c	2.114900
2026-08-13T08:00:00+00:00	g6e.xlarge	us-east-1a	1.861000
2026-08-13T09:00:00+00:00	g6e.2xlarge	us-east-1b	2.112600
2026-08-13T09:00:00+00:00	g6e.2xlarge	us-east-1d	1.983000
2026-08-13T09:00:00+00:00	g6e.xlarge	us-east-1d	1.667600
2026-08-13T11:00:00+00:00	g6e.2xlarge	us-east-1a	2.214800
2026-08-13T12:00:00+00:00	g6e.xlarge	us-east-1d	1.667600
2026-08-13T13:00:00+00:00	g6e.xlarge	us-east-1b	1.861000
2026-08-13T13:00:00+00:00	g6e.xlarge	us-east-1c	1.861000
2026-08-13T14:00:00+00:00	g6e.2xlarge	us-east-1d	2.007700
2026-08-13T14:00:00+00:00	g6e.xlarge	us-east-1a	1.861000
2026-08-13T15:00:00+00:00	g6e.2xlarge	us-east-1c	2.112600
2026-08-13T16:00:00+00:00	g6e.2xlarge	us-east-1b	2.110700
2026-08-13T17:00:00+00:00	g6e.xlarge	us-east-1b	1.861000
2026-08-13T17:00:00+00:00	g6e.xlarge	us-east-1d	1.659200
2026-08-13T19:00:00+00:00	g6e.2xlarge	us-east-1a	2.214300
2026-08-13T21:00:00+00:00	g6e.2xlarge	us-east-1d	2.027400
2026-08-13T21:00:00+00:00	g6e.xlarge	us-east-1a	1.861000
2026-08-13T22:00:00+00:00	g6e.xlarge	us-east-1c	1.861000
2026-08-13T23:00:00+00:00	g6e.xlarge	us-east-1b	1.861000
2026-08-14T00:00:00+00:00	g6e.2xlarge	us-east-1b	2.111600
2026-08-14T00:00:00+00:00	g6e.2xlarge	us-east-1c	2.077400
2026-08-14T01:00:00+00:00	g6e.xlarge	us-east-1d	1.653600
2026-08-14T03:00:00+00:00	g6e.2xlarge	us-east-1a	2.214300
2026-08-14T03:00:00+00:00	g6e.2xlarge	us-east-1b	2.113600
2026-08-14T04:00:00+00:00	g6e.2xlarge	us-east-1d	2.046400
2026-08-14T04:00:00+00:00	g6e.xlarge	us-east-1c	1.861000
2026-08-14T05:00:00+00:00	g6e.xlarge	us-east-1a	1.861000
2026-08-14T06:00:00+00:00	g6e.xlarge	us-east-1d	1.653600
2026-08-14T07:00:00+00:00	g6e.xlarge	us-east-1b	1.861000
2026-08-14T08:00:00+00:00	g6e.2xlarge	us-east-1a	2.218100
2026-08-14T08:00:00+00:00	g6e.2xlarge	us-east-1c	2.069500
2026-08-14T08:00:00+00:00	g6e.2xlarge	us-east-1d	2.063200
2026-08-14T09:00:00+00:00	g6e.2xlarge	us-east-1b	2.117200
2026-08-14T10:00:00+00:00	g6e.xlarge	us-east-1d	1.652400
2026-08-14T11:00:00+00:00	g6e.2xlarge	us-east-1c	2.069500
2026-08-14T12:00:00+00:00	g6e.2xlarge	us-east-1d	2.063200
2026-08-14T13:00:00+00:00	g6e.xlarge	us-east-1a	1.861000
2026-08-14T13:00:00+00:00	g6e.xlarge	us-east-1c	1.861000
2026-08-14T14:00:00+00:00	g6e.xlarge	us-east-1d	1.652700
2026-08-14T16:00:00+00:00	g6e.xlarge	us-east-1b	1.861000
2026-08-14T17:00:00+00:00	g6e.2xlarge	us-east-1a	2.218400
2026-08-14T17:00:00+00:00	g6e.2xlarge	us-east-1b	2.116500
2026-08-14T17:00:00+00:00	g6e.2xlarge	us-east-1d	2.078700
2026-08-14T18:00:00+00:00	g6e.xlarge	us-east-1a	1.861000
2026-08-14T18:00:00+00:00	g6e.xlarge	us-east-1c	1.861000
2026-08-14T19:00:00+00:00	g6e.xlarge	us-east-1d	1.652300
2026-08-14T20:00:00+00:00	g6e.2xlarge	us-east-1c	2.068700
2026-08-14T22:00:00+00:00	g6e.2xlarge	us-east-1b	2.122600
2026-08-14T23:00:00+00:00	g6e.xlarge	us-east-1a	1.861000
2026-08-15T00:00:00+00:00	g6e.2xlarge	us-east-1a	2.220500
2026-08-15T00:00:00+00:00	g6e.xlarge	us-east-1c	1.861000
2026-08-15T01:00:00+00:00	g6e.2xlarge	us-east-1c	2.066000
2026-08-15T01:00:00+00:00	g6e.2xlarge	us-east-1d	2.097200
2026-08-15T01:00:00+00:00	g6e.xlarge	us-east-1b	1.861000
2026-08-15T02:00:00+00:00	g6e.xlarge	us-east-1a	1.861000
2026-08-15T03:00:00+00:00	g6e.xlarge	us-east-1c	1.861000
2026-08-15T03:00:00+00:00	g6e.xlarge	us-east-1d	1.649300
2026-08-15T04:00:00+00:00	g6e.2xlarge	us-east-1b	2.131100
2026-08-15T06:00:00+00:00	g6e.2xlarge	us-east-1a	2.217400
2026-08-15T07:00:00+00:00	g6e.xlarge	us-east-1a	1.861000
2026-08-15T07:00:00+00:00	g6e.xlarge	us-east-1b	1.861000
2026-08-15T08:00:00+00:00	g6e.2xlarge	us-east-1b	2.139600
2026-08-15T09:00:00+00:00	g6e.xlarge	us-east-1c	1.861000
2026-08-15T10:00:00+00:00	g6e.2xlarge	us-east-1c	2.060500
2026-08-15T10:00:00+00:00	g6e.2xlarge	us-east-1d	2.098600
2026-08-15T11:00:00+00:00	g6e.xlarge	us-east-1d	1.653700
2026-08-15T15:00:00+00:00	g6e.2xlarge	us-east-1a	2.208000
2026-08-15T15:00:00+00:00	g6e.2xlarge	us-east-1c	2.058500
2026-08-15T15:00:00+00:00	g6e.2xlarge	us-east-1d	2.100100
2026-08-15T16:00:00+00:00	g6e.2xlarge	us-east-1b	2.131600
2026-08-15T16:00:00+00:00	g6e.xlarge	us-east-1a	1.861000
2026-08-15T16:00:00+00:00	g6e.xlarge	us-east-1b	1.861000
2026-08-15T16:00:00+00:00	g6e.xlarge	us-east-1c	1.861000
2026-08-15T16:00:00+00:00	g6e.xlarge	us-east-1d	1.651500
2026-08-15T19:00:00+00:00	g6e.xlarge	us-east-1b	1.861000
2026-08-15T19:00:00+00:00	g6e.xlarge	us-east-1c	1.861000
2026-08-15T20:00:00+00:00	g6e.2xlarge	us-east-1a	2.200400
2026-08-15T21:00:00+00:00	g6e.2xlarge	us-east-1c	2.053300
2026-08-15T23:00:00+00:00	g6e.2xlarge	us-east-1b	2.130400
2026-08-15T23:00:00+00:00	g6e.xlarge	us-east-1c	1.861000
2026-08-16T00:00:00+00:00	g6e.2xlarge	us-east-1d	2.103100
2026-08-16T00:00:00+00:00	g6e.xlarge	us-east-1d	1.650900
2026-08-16T01:00:00+00:00	g6e.2xlarge	us-east-1a	2.192900
2026-08-16T01:00:00+00:00	g6e.xlarge	us-east-1a	1.861000
2026-08-16T02:00:00+00:00	g6e.xlarge	us-east-1c	1.861000
2026-08-16T04:00:00+00:00	g6e.2xlarge	us-east-1c	2.047400
2026-08-16T04:00:00+00:00	g6e.xlarge	us-east-1b	1.861000
2026-08-16T05:00:00+00:00	g6e.2xlarge	us-east-1b	2.121600
2026-08-16T06:00:00+00:00	g6e.xlarge	us-east-1a	1.861000
2026-08-16T07:00:00+00:00	g6e.2xlarge	us-east-1d	2.082100
2026-08-16T08:00:00+00:00	g6e.2xlarge	us-east-1b	2.107800
2026-08-16T08:00:00+00:00	g6e.xlarge	us-east-1d	1.650200
2026-08-16T09:00:00+00:00	g6e.2xlarge	us-east-1a	2.172300
2026-08-16T09:00:00+00:00	g6e.xlarge	us-east-1a	1.861000
2026-08-16T10:00:00+00:00	g6e.xlarge	us-east-1b	1.861000
2026-08-16T10:00:00+00:00	g6e.xlarge	us-east-1c	1.861000
2026-08-16T12:00:00+00:00	g6e.xlarge	us-east-1d	1.650200
2026-08-16T13:00:00+00:00	g6e.2xlarge	us-east-1a	2.166300
2026-08-16T13:00:00+00:00	g6e.2xlarge	us-east-1c	2.046800
2026-08-16T13:00:00+00:00	g6e.2xlarge	us-east-1d	2.080500
2026-08-16T13:00:00+00:00	g6e.xlarge	us-east-1c	1.861000
2026-08-16T15:00:00+00:00	g6e.2xlarge	us-east-1b	2.096000
2026-08-16T16:00:00+00:00	g6e.2xlarge	us-east-1c	2.029500
2026-08-16T16:00:00+00:00	g6e.xlarge	us-east-1a	1.861000
2026-08-16T17:00:00+00:00	g6e.2xlarge	us-east-1a	2.166300
2026-08-16T19:00:00+00:00	g6e.2xlarge	us-east-1d	2.066400
2026-08-16T19:00:00+00:00	g6e.xlarge	us-east-1b	1.857800
2026-08-16T21:00:00+00:00	g6e.xlarge	us-east-1a	1.861000
2026-08-16T21:00:00+00:00	g6e.xlarge	us-east-1d	1.657300
2026-08-16T22:00:00+00:00	g6e.2xlarge	us-east-1b	2.085600
2026-08-16T22:00:00+00:00	g6e.2xlarge	us-east-1d	2.059800
2026-08-16T22:00:00+00:00	g6e.xlarge	us-east-1c	1.850500
2026-08-16T23:00:00+00:00	g6e.2xlarge	us-east-1c	2.010900
2026-08-17T02:00:00+00:00	g6e.2xlarge	us-east-1a	2.137900
2026-08-17T02:00:00+00:00	g6e.xlarge	us-east-1c	1.841500
2026-08-17T03:00:00+00:00	g6e.xlarge	us-east-1a	1.861000
2026-08-17T03:00:00+00:00	g6e.xlarge	us-east-1d	1.664800
2026-08-17T04:00:00+00:00	g6e.2xlarge	us-east-1c	1.994900
2026-08-17T04:00:00+00:00	g6e.xlarge	us-east-1b	1.856000
2026-08-17T07:00:00+00:00	g6e.2xlarge	us-east-1b	2.054100
2026-08-17T07:00:00+00:00	g6e.2xlarge	us-east-1d	2.054300
2026-08-17T07:00:00+00:00	g6e.xlarge	us-east-1c	1.834800
2026-08-17T07:00:00+00:00	g6e.xlarge	us-east-1d	1.666400
2026-08-17T08:00:00+00:00	g6e.2xlarge	us-east-1c	1.976400
2026-08-17T08:00:00+00:00	g6e.xlarge	us-east-1a	1.861000
2026-08-17T09:00:00+00:00	g6e.xlarge	us-east-1b	1.851700
2026-08-17T10:00:00+00:00	g6e.xlarge	us-east-1c	1.824200
2026-08-17T10:00:00+00:00	g6e.xlarge	us-east-1d	1.666400
2026-08-17T11:00:00+00:00	g6e.2xlarge	us-east-1a	2.104300
2026-08-17T11:00:00+00:00	g6e.2xlarge	us-east-1b	2.054100
2026-08-17T12:00:00+00:00	g6e.2xlarge	us-east-1d	2.018400
2026-08-17T13:00:00+00:00	g6e.xlarge	us-east-1c	1.793800
2026-08-17T15:00:00+00:00	g6e.2xlarge	us-east-1a	2.082800
2026-08-17T15:00:00+00:00	g6e.2xlarge	us-east-1b	2.042400
2026-08-17T15:00:00+00:00	g6e.2xlarge	us-east-1c	1.972100
2026-08-17T15:00:00+00:00	g6e.2xlarge	us-east-1d	1.980600
2026-08-17T16:00:00+00:00	g6e.xlarge	us-east-1a	1.861000
2026-08-17T16:00:00+00:00	g6e.xlarge	us-east-1d	1.665100
2026-08-17T17:00:00+00:00	g6e.xlarge	us-east-1b	1.839800
2026-08-17T18:00:00+00:00	g6e.xlarge	us-east-1c	1.778000
2026-08-17T20:00:00+00:00	g6e.xlarge	us-east-1b	1.837800
2026-08-17T21:00:00+00:00	g6e.2xlarge	us-east-1a	2.079000
2026-08-17T22:00:00+00:00	g6e.xlarge	us-east-1d	1.676500
2026-08-17T23:00:00+00:00	g6e.2xlarge	us-east-1b	2.012100
2026-08-18T00:00:00+00:00	g6e.2xlarge	us-east-1c	1.956700
2026-08-18T00:00:00+00:00	g6e.2xlarge	us-east-1d	1.957500
2026-08-18T01:00:00+00:00	g6e.2xlarge	us-east-1a	2.046500
2026-08-18T01:00:00+00:00	g6e.xlarge	us-east-1a	1.861000
2026-08-18T02:00:00+00:00	g6e.xlarge	us-east-1c	1.754200
2026-08-18T02:00:00+00:00	g6e.xlarge	us-east-1d	1.690500
2026-08-18T04:00:00+00:00	g6e.2xlarge	us-east-1d	1.958300
2026-08-18T05:00:00+00:00	g6e.xlarge	us-east-1b	1.835600
2026-08-18T05:00:00+00:00	g6e.xlarge	us-east-1c	1.729700
2026-08-18T05:00:00+00:00	g6e.xlarge	us-east-1d	1.692000
2026-08-18T06:00:00+00:00	g6e.2xlarge	us-east-1a	2.046500
2026-08-18T08:00:00+00:00	g6e.2xlarge	us-east-1b	1.990400
2026-08-18T09:00:00+00:00	g6e.2xlarge	us-east-1c	1.946100
2026-08-18T09:00:00+00:00	g6e.2xlarge	us-east-1d	1.946400
2026-08-18T09:00:00+00:00	g6e.xlarge	us-east-1a	1.861000
2026-08-18T09:00:00+00:00	g6e.xlarge	us-east-1b	1.828900
2026-08-18T09:00:00+00:00	g6e.xlarge	us-east-1c	1.718900
2026-08-18T11:00:00+00:00	g6e.xlarge	us-east-1d	1.686600
2026-08-18T12:00:00+00:00	g6e.2xlarge	us-east-1d	1.946400
2026-08-18T13:00:00+00:00	g6e.xlarge	us-east-1a	1.861000
2026-08-18T14:00:00+00:00	g6e.2xlarge	us-east-1a	2.033200
2026-08-18T14:00:00+00:00	g6e.2xlarge	us-east-1b	1.974900
2026-08-18T14:00:00+00:00	g6e.xlarge	us-east-1c	1.689700
2026-08-18T15:00:00+00:00	g6e.2xlarge	us-east-1c	1.930400
2026-08-18T17:00:00+00:00	g6e.xlarge	us-east-1b	1.823400
2026-08-18T17:00:00+00:00	g6e.xlarge	us-east-1c	1.677400
2026-08-18T18:00:00+00:00	g6e.xlarge	us-east-1d	1.685500
2026-08-18T19:00:00+00:00	g6e.2xlarge	us-east-1a	2.024900
2026-08-18T19:00:00+00:00	g6e.2xlarge	us-east-1c	1.935700
2026-08-18T19:00:00+00:00	g6e.2xlarge	us-east-1d	1.932200
2026-08-18T20:00:00+00:00	g6e.xlarge	us-east-1a	1.861000
2026-08-18T23:00:00+00:00	g6e.2xlarge	us-east-1b	1.966400
2026-08-18T23:00:00+00:00	g6e.2xlarge	us-east-1d	1.932200
2026-08-18T23:00:00+00:00	g6e.xlarge	us-east-1a	1.861000
2026-08-18T23:00:00+00:00	g6e.xlarge	us-east-1c	1.650600
2026-08-18T23:00:00+00:00	g6e.xlarge	us-east-1d	1.684500
2026-08-19T00:00:00+00:00	g6e.xlarge	us-east-1b	1.820800
2026-08-19T03:00:00+00:00	g6e.2xlarge	us-east-1c	1.959400
2026-08-19T04:00:00+00:00	g6e.2xlarge	us-east-1a	2.018900
2026-08-19T04:00:00+00:00	g6e.2xlarge	us-east-1b	1.964300
2026-08-19T04:00:00+00:00	g6e.2xlarge	us-east-1d	1.938100
2026-08-19T04:00:00+00:00	g6e.xlarge	us-east-1a	1.861000
2026-08-19T04:00:00+00:00	g6e.xlarge	us-east-1d	1.683200
2026-08-19T05:00:00+00:00	g6e.xlarge	us-east-1c	1.649500
2026-08-19T07:00:00+00:00	g6e.xlarge	us-east-1b	1.812800
2026-08-19T08:00:00+00:00	g6e.2xlarge	us-east-1a	2.015200
2026-08-19T09:00:00+00:00	g6e.2xlarge	us-east-1b	1.971200
2026-08-19T10:00:00+00:00	g6e.xlarge	us-east-1c	1.620900
2026-08-19T10:00:00+00:00	g6e.xlarge	us-east-1d	1.680200
2026-08-19T11:00:00+00:00	g6e.2xlarge	us-east-1c	1.967400
2026-08-19T12:00:00+00:00	g6e.2xlarge	us-east-1b	1.971200
2026-08-19T13:00:00+00:00	g6e.2xlarge	us-east-1d	1.937500
2026-08-19T13:00:00+00:00	g6e.xlarge	us-east-1a	1.861000
2026-08-19T13:00:00+00:00	g6e.xlarge	us-east-1b	1.811400
2026-08-19T13:00:00+00:00	g6e.xlarge	us-east-1d	1.679100
2026-08-19T16:00:00+00:00	g6e.xlarge	us-east-1a	1.861000
2026-08-19T17:00:00+00:00	g6e.2xlarge	us-east-1a	2.015300
2026-08-19T17:00:00+00:00	g6e.2xlarge	us-east-1c	1.969800
2026-08-19T17:00:00+00:00	g6e.xlarge	us-east-1c	1.591900
2026-08-19T19:00:00+00:00	g6e.2xlarge	us-east-1d	1.935200
2026-08-19T19:00:00+00:00	g6e.xlarge	us-east-1d	1.678300
2026-08-19T20:00:00+00:00	g6e.2xlarge	us-east-1b	1.991500
2026-08-19T20:00:00+00:00	g6e.2xlarge	us-east-1c	1.970700
2026-08-19T22:00:00+00:00	g6e.xlarge	us-east-1b	1.792700
2026-08-19T23:00:00+00:00	g6e.xlarge	us-east-1a	1.861000
2026-08-20T00:00:00+00:00	g6e.xlarge	us-east-1c	1.576400
2026-08-20T02:00:00+00:00	g6e.2xlarge	us-east-1a	2.014600
2026-08-20T02:00:00+00:00	g6e.2xlarge	us-east-1b	2.002100
2026-08-20T03:00:00+00:00	g6e.2xlarge	us-east-1d	1.935400
2026-08-20T03:00:00+00:00	g6e.xlarge	us-east-1b	1.791400
2026-08-20T04:00:00+00:00	g6e.xlarge	us-east-1a	1.861000
2026-08-20T04:00:00+00:00	g6e.xlarge	us-east-1d	1.679800
2026-08-20T05:00:00+00:00	g6e.2xlarge	us-east-1c	2.006900
2026-08-20T06:00:00+00:00	g6e.xlarge	us-east-1b	1.791400
2026-08-20T07:00:00+00:00	g6e.xlarge	us-east-1c	1.559400
2026-08-20T10:00:00+00:00	g6e.xlarge	us-east-1d	1.685300
2026-08-20T11:00:00+00:00	g6e.2xlarge	us-east-1a	2.015600
2026-08-20T11:00:00+00:00	g6e.2xlarge	us-east-1b	2.009100
2026-08-20T11:00:00+00:00	g6e.2xlarge	us-east-1c	2.006400
2026-08-20T11:00:00+00:00	g6e.2xlarge	us-east-1d	1.940500
2026-08-20T11:00:00+00:00	g6e.xlarge	us-east-1b	1.795600
2026-08-20T13:00:00+00:00	g6e.xlarge	us-east-1a	1.861000
2026-08-20T15:00:00+00:00	g6e.2xlarge	us-east-1a	2.014600
2026-08-20T16:00:00+00:00	g6e.xlarge	us-east-1c	1.548700
2026-08-20T17:00:00+00:00	g6e.2xlarge	us-east-1b	2.017600
2026-08-20T17:00:00+00:00	g6e.xlarge	us-east-1d	1.685000
2026-08-20T18:00:00+00:00	g6e.2xlarge	us-east-1c	2.004500
2026-08-20T18:00:00+00:00	g6e.2xlarge	us-east-1d	1.943900
2026-08-20T19:00:00+00:00	g6e.xlarge	us-east-1a	1.861000
2026-08-20T19:00:00+00:00	g6e.xlarge	us-east-1b	1.786900
2026-08-20T20:00:00+00:00	g6e.2xlarge	us-east-1a	2.011800
2026-08-20T23:00:00+00:00	g6e.2xlarge	us-east-1d	1.944600
2026-08-20T23:00:00+00:00	g6e.xlarge	us-east-1c	1.552600
2026-08-20T23:00:00+00:00	g6e.xlarge	us-east-1d	1.677700
2026-08-21T00:00:00+00:00	g6e.2xlarge	us-east-1b	2.023900
2026-08-21T02:00:00+00:00	g6e.2xlarge	us-east-1c	1.997100
2026-08-21T02:00:00+00:00	g6e.xlarge	us-east-1a	1.861000
2026-08-21T02:00:00+00:00	g6e.xlarge	us-east-1c	1.555500
2026-08-21T04:00:00+00:00	g6e.2xlarge	us-east-1b	2.034800
2026-08-21T04:00:00+00:00	g6e.xlarge	us-east-1b	1.784300
2026-08-21T04:00:00+00:00	g6e.xlarge	us-east-1d	1.676800
2026-08-21T05:00:00+00:00	g6e.2xlarge	us-east-1a	2.011800
2026-08-21T05:00:00+00:00	g6e.xlarge	us-east-1a	1.861000
2026-08-21T08:00:00+00:00	g6e.2xlarge	us-east-1c	1.997200
2026-08-21T08:00:00+00:00	g6e.2xlarge	us-east-1d	1.948100
2026-08-21T09:00:00+00:00	g6e.xlarge	us-east-1a	1.861000
2026-08-21T09:00:00+00:00	g6e.xlarge	us-east-1c	1.572000
2026-08-21T09:00:00+00:00	g6e.xlarge	us-east-1d	1.677700
2026-08-21T11:00:00+00:00	g6e.2xlarge	us-east-1a	2.012900
2026-08-21T12:00:00+00:00	g6e.2xlarge	us-east-1b	2.044600
2026-08-21T12:00:00+00:00	g6e.xlarge	us-east-1b	1.787600
2026-08-21T15:00:00+00:00	g6e.2xlarge	us-east-1b	2.056600
2026-08-21T15:00:00+00:00	g6e.xlarge	us-east-1c	1.573400
2026-08-21T16:00:00+00:00	g6e.2xlarge	us-east-1c	1.991400
2026-08-21T17:00:00+00:00	g6e.2xlarge	us-east-1d	1.956400
2026-08-21T17:00:00+00:00	g6e.xlarge	us-east-1b	1.784400
2026-08-21T18:00:00+00:00	g6e.2xlarge	us-east-1a	2.010300
2026-08-21T18:00:00+00:00	g6e.xlarge	us-east-1a	1.861000
2026-08-21T18:00:00+00:00	g6e.xlarge	us-east-1d	1.678000
2026-08-21T19:00:00+00:00	g6e.2xlarge	us-east-1c	1.990900
2026-08-21T21:00:00+00:00	g6e.2xlarge	us-east-1a	2.008300
2026-08-21T21:00:00+00:00	g6e.xlarge	us-east-1a	1.861000
2026-08-21T21:00:00+00:00	g6e.xlarge	us-east-1d	1.677300
2026-08-21T22:00:00+00:00	g6e.xlarge	us-east-1b	1.781700
2026-08-21T23:00:00+00:00	g6e.2xlarge	us-east-1b	2.062700
2026-08-22T00:00:00+00:00	g6e.xlarge	us-east-1c	1.576100
2026-08-22T01:00:00+00:00	g6e.xlarge	us-east-1d	1.679500
2026-08-22T02:00:00+00:00	g6e.2xlarge	us-east-1c	1.982900
2026-08-22T02:00:00+00:00	g6e.2xlarge	us-east-1d	1.961100
2026-08-22T03:00:00+00:00	g6e.2xlarge	us-east-1a	2.007500
2026-08-22T03:00:00+00:00	g6e.2xlarge	us-east-1b	2.066100
2026-08-22T03:00:00+00:00	g6e.xlarge	us-east-1a	1.861000
2026-08-22T04:00:00+00:00	g6e.xlarge	us-east-1b	1.783600
2026-08-22T06:00:00+00:00	g6e.2xlarge	us-east-1b	2.066100
2026-08-22T08:00:00+00:00	g6e.2xlarge	us-east-1c	1.977400
2026-08-22T09:00:00+00:00	g6e.2xlarge	us-east-1d	1.960500
2026-08-22T09:00:00+00:00	g6e.xlarge	us-east-1c	1.581700
2026-08-22T10:00:00+00:00	g6e.2xlarge	us-east-1a	2.008900
2026-08-22T10:00:00+00:00	g6e.xlarge	us-east-1a	1.861000
2026-08-22T10:00:00+00:00	g6e.xlarge	us-east-1d	1.682400
2026-08-22T12:00:00+00:00	g6e.xlarge	us-east-1b	1.783300
2026-08-22T13:00:00+00:00	g6e.2xlarge	us-east-1b	2.078700
2026-08-22T14:00:00+00:00	g6e.xlarge	us-east-1c	1.575800
2026-08-22T16:00:00+00:00	g6e.2xlarge	us-east-1c	1.973900
2026-08-22T17:00:00+00:00	g6e.xlarge	us-east-1a	1.861000
2026-08-22T17:00:00+00:00	g6e.xlarge	us-east-1c	1.571600
2026-08-22T18:00:00+00:00	g6e.2xlarge	us-east-1a	2.005600
2026-08-22T18:00:00+00:00	g6e.2xlarge	us-east-1d	1.962100
2026-08-22T19:00:00+00:00	g6e.2xlarge	us-east-1c	1.970500
2026-08-22T19:00:00+00:00	g6e.xlarge	us-east-1d	1.686200
2026-08-22T21:00:00+00:00	g6e.2xlarge	us-east-1b	2.081300
2026-08-22T21:00:00+00:00	g6e.xlarge	us-east-1a	1.861000
2026-08-22T21:00:00+00:00	g6e.xlarge	us-east-1b	1.769000
2026-08-22T22:00:00+00:00	g6e.2xlarge	us-east-1d	1.962400
2026-08-23T00:00:00+00:00	g6e.xlarge	us-east-1b	1.761200
2026-08-23T00:00:00+00:00	g6e.xlarge	us-east-1d	1.686200
2026-08-23T02:00:00+00:00	g6e.2xlarge	us-east-1a	2.003200
2026-08-23T02:00:00+00:00	g6e.2xlarge	us-east-1c	1.959000
2026-08-23T02:00:00+00:00	g6e.xlarge	us-east-1c	1.569500
2026-08-23T03:00:00+00:00	g6e.2xlarge	us-east-1b	2.086000
2026-08-23T05:00:00+00:00	g6e.xlarge	us-east-1a	1.861000
2026-08-23T06:00:00+00:00	g6e.xlarge	us-east-1b	1.745600
2026-08-23T07:00:00+00:00	g6e.2xlarge	us-east-1b	2.085500
2026-08-23T07:00:00+00:00	g6e.2xlarge	us-east-1d	1.966400
2026-08-23T07:00:00+00:00	g6e.xlarge	us-east-1c	1.561200
2026-08-23T08:00:00+00:00	g6e.2xlarge	us-east-1c	1.953000
2026-08-23T08:00:00+00:00	g6e.xlarge	us-east-1d	1.689700
2026-08-23T09:00:00+00:00	g6e.xlarge	us-east-1b	1.729300
2026-08-23T10:00:00+00:00	g6e.2xlarge	us-east-1b	2.085500
2026-08-23T11:00:00+00:00	g6e.2xlarge	us-east-1a	2.003100
2026-08-23T11:00:00+00:00	g6e.2xlarge	us-east-1c	1.953000
2026-08-23T12:00:00+00:00	g6e.xlarge	us-east-1a	1.861000
2026-08-23T13:00:00+00:00	g6e.xlarge	us-east-1b	1.705600
2026-08-23T13:00:00+00:00	g6e.xlarge	us-east-1c	1.554000
2026-08-23T14:00:00+00:00	g6e.2xlarge	us-east-1d	1.965800
2026-08-23T16:00:00+00:00	g6e.2xlarge	us-east-1b	2.080700
2026-08-23T16:00:00+00:00	g6e.xlarge	us-east-1c	1.545900
2026-08-23T16:00:00+00:00	g6e.xlarge	us-east-1d	1.689200
2026-08-23T17:00:00+00:00	g6e.2xlarge	us-east-1a	1.997700
2026-08-23T19:00:00+00:00	g6e.2xlarge	us-east-1b	2.080600
2026-08-23T19:00:00+00:00	g6e.2xlarge	us-east-1c	1.944500
2026-08-23T20:00:00+00:00	g6e.xlarge	us-east-1b	1.696900
2026-08-23T21:00:00+00:00	g6e.2xlarge	us-east-1a	2.010000
2026-08-23T21:00:00+00:00	g6e.2xlarge	us-east-1d	1.960200
2026-08-23T21:00:00+00:00	g6e.xlarge	us-east-1a	1.861000
2026-08-23T22:00:00+00:00	g6e.xlarge	us-east-1c	1.542600
2026-08-23T23:00:00+00:00	g6e.xlarge	us-east-1b	1.688700
2026-08-24T00:00:00+00:00	g6e.2xlarge	us-east-1c	1.944500
2026-08-24T00:00:00+00:00	g6e.2xlarge	us-east-1d	1.960200
2026-08-24T01:00:00+00:00	g6e.xlarge	us-east-1d	1.691900
2026-08-24T03:00:00+00:00	g6e.2xlarge	us-east-1a	2.021700
2026-08-24T03:00:00+00:00	g6e.2xlarge	us-east-1b	2.080200
2026-08-24T04:00:00+00:00	g6e.2xlarge	us-east-1c	1.942600
2026-08-24T04:00:00+00:00	g6e.xlarge	us-east-1a	1.861000
2026-08-24T06:00:00+00:00	g6e.2xlarge	us-east-1b	2.080200
2026-08-24T06:00:00+00:00	g6e.xlarge	us-east-1b	1.676300
2026-08-24T06:00:00+00:00	g6e.xlarge	us-east-1c	1.526900
2026-08-24T07:00:00+00:00	g6e.xlarge	us-east-1d	1.690000
2026-08-24T08:00:00+00:00	g6e.2xlarge	us-east-1a	2.041000
2026-08-24T08:00:00+00:00	g6e.2xlarge	us-east-1d	1.955600
2026-08-24T09:00:00+00:00	g6e.2xlarge	us-east-1b	2.080800
2026-08-24T11:00:00+00:00	g6e.xlarge	us-east-1b	1.649700
2026-08-24T12:00:00+00:00	g6e.2xlarge	us-east-1c	1.944800
2026-08-24T12:00:00+00:00	g6e.xlarge	us-east-1a	1.837800
2026-08-24T12:00:00+00:00	g6e.xlarge	us-east-1d	1.690000
2026-08-24T14:00:00+00:00	g6e.2xlarge	us-east-1a	2.046200
2026-08-24T14:00:00+00:00	g6e.2xlarge	us-east-1d	1.944400
2026-08-24T14:00:00+00:00	g6e.xlarge	us-east-1c	1.500000
2026-08-24T16:00:00+00:00	g6e.2xlarge	us-east-1c	1.938800
2026-08-24T17:00:00+00:00	g6e.2xlarge	us-east-1a	2.046200
2026-08-24T17:00:00+00:00	g6e.2xlarge	us-east-1b	2.074300
2026-08-24T17:00:00+00:00	g6e.xlarge	us-east-1b	1.642700
2026-08-24T18:00:00+00:00	g6e.xlarge	us-east-1d	1.680000
2026-08-24T19:00:00+00:00	g6e.2xlarge	us-east-1d	1.933800
2026-08-24T20:00:00+00:00	g6e.xlarge	us-east-1c	1.498900
2026-08-24T21:00:00+00:00	g6e.2xlarge	us-east-1a	2.045500
2026-08-24T21:00:00+00:00	g6e.xlarge	us-east-1a	1.816100
2026-08-25T00:00:00+00:00	g6e.2xlarge	us-east-1c	1.922900
2026-08-25T01:00:00+00:00	g6e.2xlarge	us-east-1b	2.079200
2026-08-25T01:00:00+00:00	g6e.xlarge	us-east-1d	1.677600
2026-08-25T02:00:00+00:00	g6e.2xlarge	us-east-1d	1.916400
2026-08-25T02:00:00+00:00	g6e.xlarge	us-east-1a	1.782700
2026-08-25T02:00:00+00:00	g6e.xlarge	us-east-1b	1.615500
2026-08-25T03:00:00+00:00	g6e.2xlarge	us-east-1a	2.038800
2026-08-25T03:00:00+00:00	g6e.xlarge	us-east-1c	1.478800
2026-08-25T05:00:00+00:00	g6e.2xlarge	us-east-1c	1.914000
2026-08-25T06:00:00+00:00	g6e.xlarge	us-east-1b	1.589700
2026-08-25T07:00:00+00:00	g6e.xlarge	us-east-1c	1.472500
2026-08-25T08:00:00+00:00	g6e.2xlarge	us-east-1a	2.026200
2026-08-25T09:00:00+00:00	g6e.2xlarge	us-east-1b	2.083400
2026-08-25T09:00:00+00:00	g6e.2xlarge	us-east-1d	1.895400
2026-08-25T09:00:00+00:00	g6e.xlarge	us-east-1a	1.752100
2026-08-25T09:00:00+00:00	g6e.xlarge	us-east-1d	1.673000
2026-08-25T10:00:00+00:00	g6e.2xlarge	us-east-1c	1.904700
2026-08-25T12:00:00+00:00	g6e.2xlarge	us-east-1d	1.895400
2026-08-25T13:00:00+00:00	g6e.2xlarge	us-east-1b	2.066100
2026-08-25T13:00:00+00:00	g6e.2xlarge	us-east-1c	1.904600
2026-08-25T14:00:00+00:00	g6e.xlarge	us-east-1b	1.562400
2026-08-25T15:00:00+00:00	g6e.2xlarge	us-east-1a	2.026300
2026-08-25T15:00:00+00:00	g6e.xlarge	us-east-1c	1.451300
2026-08-25T15:00:00+00:00	g6e.xlarge	us-east-1d	1.646900
2026-08-25T16:00:00+00:00	g6e.2xlarge	us-east-1b	2.066100
2026-08-25T16:00:00+00:00	g6e.xlarge	us-east-1a	1.746200
2026-08-25T17:00:00+00:00	g6e.2xlarge	us-east-1c	1.904600
2026-08-25T17:00:00+00:00	g6e.xlarge	us-east-1b	1.547500
2026-08-25T18:00:00+00:00	g6e.2xlarge	us-east-1a	2.026300
2026-08-25T18:00:00+00:00	g6e.2xlarge	us-east-1d	1.891600
2026-08-25T19:00:00+00:00	g6e.2xlarge	us-east-1b	2.074700
2026-08-25T19:00:00+00:00	g6e.xlarge	us-east-1c	1.444900
2026-08-25T20:00:00+00:00	g6e.2xlarge	us-east-1c	1.908900
2026-08-25T22:00:00+00:00	g6e.xlarge	us-east-1a	1.741100
2026-08-25T23:00:00+00:00	g6e.2xlarge	us-east-1b	2.074700
2026-08-25T23:00:00+00:00	g6e.xlarge	us-east-1c	1.437200
2026-08-25T23:00:00+00:00	g6e.xlarge	us-east-1d	1.641500
2026-08-26T00:00:00+00:00	g6e.2xlarge	us-east-1a	2.028100
2026-08-26T00:00:00+00:00	g6e.xlarge	us-east-1b	1.532900
2026-08-26T01:00:00+00:00	g6e.2xlarge	us-east-1d	1.900700
2026-08-26T02:00:00+00:00	g6e.xlarge	us-east-1d	1.641500
2026-08-26T03:00:00+00:00	g6e.2xlarge	us-east-1a	2.029500
2026-08-26T03:00:00+00:00	g6e.2xlarge	us-east-1c	1.923100
2026-08-26T03:00:00+00:00	g6e.xlarge	us-east-1a	1.728200
2026-08-26T04:00:00+00:00	g6e.xlarge	us-east-1b	1.527900
2026-08-26T06:00:00+00:00	g6e.xlarge	us-east-1a	1.706300
2026-08-26T06:00:00+00:00	g6e.xlarge	us-east-1d	1.641500
2026-08-26T07:00:00+00:00	g6e.2xlarge	us-east-1c	1.937900
2026-08-26T08:00:00+00:00	g6e.2xlarge	us-east-1b	2.090500
2026-08-26T08:00:00+00:00	g6e.2xlarge	us-east-1d	1.907900
2026-08-26T08:00:00+00:00	g6e.xlarge	us-east-1c	1.436200
2026-08-26T10:00:00+00:00	g6e.xlarge	us-east-1b	1.509300
2026-08-26T11:00:00+00:00	g6e.2xlarge	us-east-1a	2.032300
2026-08-26T11:00:00+00:00	g6e.2xlarge	us-east-1c	1.937900
2026-08-26T12:00:00+00:00	g6e.xlarge	us-east-1d	1.636800
2026-08-26T13:00:00+00:00	g6e.xlarge	us-east-1a	1.705000
2026-08-26T15:00:00+00:00	g6e.2xlarge	us-east-1a	2.033900
2026-08-26T15:00:00+00:00	g6e.xlarge	us-east-1c	1.425600
2026-08-26T16:00:00+00:00	g6e.2xlarge	us-east-1d	1.910500
2026-08-26T17:00:00+00:00	g6e.2xlarge	us-east-1b	2.096200
2026-08-26T17:00:00+00:00	g6e.xlarge	us-east-1b	1.481900
2026-08-26T18:00:00+00:00	g6e.2xlarge	us-east-1c	1.948000
2026-08-26T20:00:00+00:00	g6e.2xlarge	us-east-1d	1.912700
2026-08-26T21:00:00+00:00	g6e.2xlarge	us-east-1b	2.098300
2026-08-26T21:00:00+00:00	g6e.2xlarge	us-east-1c	1.955000
2026-08-26T21:00:00+00:00	g6e.xlarge	us-east-1c	1.418000
2026-08-26T21:00:00+00:00	g6e.xlarge	us-east-1d	1.627400
2026-08-26T22:00:00+00:00	g6e.2xlarge	us-east-1a	2.030800
2026-08-26T22:00:00+00:00	g6e.xlarge	us-east-1a	1.701700
2026-08-27T00:00:00+00:00	g6e.2xlarge	us-east-1c	1.955000
2026-08-27T00:00:00+00:00	g6e.2xlarge	us-east-1d	1.912700
2026-08-27T01:00:00+00:00	g6e.xlarge	us-east-1d	1.627300
2026-08-27T02:00:00+00:00	g6e.xlarge	us-east-1b	1.467300
2026-08-27T04:00:00+00:00	g6e.2xlarge	us-east-1a	2.030000
2026-08-27T04:00:00+00:00	g6e.2xlarge	us-east-1b	2.102700
2026-08-27T05:00:00+00:00	g6e.2xlarge	us-east-1c	1.962100
2026-08-27T06:00:00+00:00	g6e.2xlarge	us-east-1d	1.915400
2026-08-27T06:00:00+00:00	g6e.xlarge	us-east-1c	1.397100
2026-08-27T06:00:00+00:00	g6e.xlarge	us-east-1d	1.627300
2026-08-27T07:00:00+00:00	g6e.2xlarge	us-east-1a	2.030400
2026-08-27T07:00:00+00:00	g6e.xlarge	us-east-1a	1.690400
2026-08-27T09:00:00+00:00	g6e.xlarge	us-east-1b	1.442500
2026-08-27T09:00:00+00:00	g6e.xlarge	us-east-1d	1.626200
2026-08-27T10:00:00+00:00	g6e.xlarge	us-east-1c	1.385200
2026-08-27T11:00:00+00:00	g6e.2xlarge	us-east-1b	2.100000
2026-08-27T11:00:00+00:00	g6e.2xlarge	us-east-1c	1.961100
2026-08-27T12:00:00+00:00	g6e.2xlarge	us-east-1a	2.030400
2026-08-27T12:00:00+00:00	g6e.2xlarge	us-east-1d	1.907200
2026-08-27T13:00:00+00:00	g6e.xlarge	us-east-1a	1.674200
2026-08-27T15:00:00+00:00	g6e.2xlarge	us-east-1b	2.098800
2026-08-27T16:00:00+00:00	g6e.2xlarge	us-east-1a	2.029900
2026-08-27T16:00:00+00:00	g6e.2xlarge	us-east-1d	1.905700
2026-08-27T16:00:00+00:00	g6e.xlarge	us-east-1b	1.435000
2026-08-27T17:00:00+00:00	g6e.xlarge	us-east-1c	1.359600
2026-08-27T17:00:00+00:00	g6e.xlarge	us-east-1d	1.625500
2026-08-27T19:00:00+00:00	g6e.2xlarge	us-east-1b	2.098800
2026-08-27T20:00:00+00:00	g6e.2xlarge	us-east-1c	1.960400
2026-08-27T20:00:00+00:00	g6e.xlarge	us-east-1a	1.651000
2026-08-27T20:00:00+00:00	g6e.xlarge	us-east-1b	1.440500
2026-08-27T21:00:00+00:00	g6e.2xlarge	us-east-1a	2.027200
2026-08-27T23:00:00+00:00	g6e.2xlarge	us-east-1b	2.098800
2026-08-28T00:00:00+00:00	g6e.xlarge	us-east-1a	1.634100
2026-08-28T01:00:00+00:00	g6e.2xlarge	us-east-1d	1.906500
2026-08-28T01:00:00+00:00	g6e.xlarge	us-east-1b	1.446800
2026-08-28T01:00:00+00:00	g6e.xlarge	us-east-1c	1.361500
2026-08-28T01:00:00+00:00	g6e.xlarge	us-east-1d	1.624300
2026-08-28T03:00:00+00:00	g6e.2xlarge	us-east-1c	1.957500
2026-08-28T03:00:00+00:00	g6e.xlarge	us-east-1a	1.621500
2026-08-28T04:00:00+00:00	g6e.2xlarge	us-east-1d	1.906500
2026-08-28T04:00:00+00:00	g6e.xlarge	us-east-1b	1.446800
2026-08-28T05:00:00+00:00	g6e.2xlarge	us-east-1a	2.027400
2026-08-28T06:00:00+00:00	g6e.2xlarge	us-east-1c	1.957500
2026-08-28T07:00:00+00:00	g6e.2xlarge	us-east-1b	2.106800
2026-08-28T07:00:00+00:00	g6e.xlarge	us-east-1a	1.612600
2026-08-28T07:00:00+00:00	g6e.xlarge	us-east-1b	1.439500
2026-08-28T07:00:00+00:00	g6e.xlarge	us-east-1d	1.616200
2026-08-28T09:00:00+00:00	g6e.xlarge	us-east-1c	1.356800
2026-08-28T10:00:00+00:00	g6e.2xlarge	us-east-1a	2.025700
2026-08-28T10:00:00+00:00	g6e.2xlarge	us-east-1c	1.954600
2026-08-28T10:00:00+00:00	g6e.2xlarge	us-east-1d	1.905400
2026-08-28T11:00:00+00:00	g6e.xlarge	us-east-1d	1.616200
2026-08-28T12:00:00+00:00	g6e.xlarge	us-east-1b	1.439500
2026-08-28T13:00:00+00:00	g6e.2xlarge	us-east-1b	2.109100
2026-08-28T13:00:00+00:00	g6e.xlarge	us-east-1a	1.609500
2026-08-28T13:00:00+00:00	g6e.xlarge	us-east-1c	1.355000
2026-08-28T16:00:00+00:00	g6e.xlarge	us-east-1a	1.581000
2026-08-28T17:00:00+00:00	g6e.xlarge	us-east-1b	1.442300
2026-08-28T17:00:00+00:00	g6e.xlarge	us-east-1c	1.355000
2026-08-28T18:00:00+00:00	g6e.2xlarge	us-east-1c	1.955000
2026-08-28T19:00:00+00:00	g6e.2xlarge	us-east-1a	2.026900
2026-08-28T19:00:00+00:00	g6e.2xlarge	us-east-1d	1.904500
2026-08-28T20:00:00+00:00	g6e.xlarge	us-east-1d	1.612800
2026-08-28T21:00:00+00:00	g6e.xlarge	us-east-1b	1.445200
2026-08-28T22:00:00+00:00	g6e.2xlarge	us-east-1b	2.109900
2026-08-28T22:00:00+00:00	g6e.xlarge	us-east-1c	1.359000
2026-08-29T00:00:00+00:00	g6e.2xlarge	us-east-1a	2.026900
2026-08-29T01:00:00+00:00	g6e.xlarge	us-east-1a	1.555200
2026-08-29T02:00:00+00:00	g6e.2xlarge	us-east-1d	1.905400
2026-08-29T03:00:00+00:00	g6e.2xlarge	us-east-1c	1.953500
2026-08-29T04:00:00+00:00	g6e.xlarge	us-east-1a	1.536400
2026-08-29T04:00:00+00:00	g6e.xlarge	us-east-1b	1.440000
2026-08-29T05:00:00+00:00	g6e.xlarge	us-east-1d	1.606600
2026-08-29T06:00:00+00:00	g6e.2xlarge	us-east-1a	2.027900
2026-08-29T07:00:00+00:00	g6e.2xlarge	us-east-1b	2.113200
2026-08-29T07:00:00+00:00	g6e.xlarge	us-east-1b	1.430900
2026-08-29T07:00:00+00:00	g6e.xlarge	us-east-1c	1.351600
2026-08-29T08:00:00+00:00	g6e.2xlarge	us-east-1d	1.910800
2026-08-29T10:00:00+00:00	g6e.2xlarge	us-east-1c	1.957200
2026-08-29T10:00:00+00:00	g6e.xlarge	us-east-1b	1.430900
2026-08-29T10:00:00+00:00	g6e.xlarge	us-east-1c	1.351600
2026-08-29T11:00:00+00:00	g6e.2xlarge	us-east-1b	2.113200
2026-08-29T11:00:00+00:00	g6e.xlarge	us-east-1d	1.594100
2026-08-29T12:00:00+00:00	g6e.xlarge	us-east-1a	1.513700
2026-08-29T13:00:00+00:00	g6e.2xlarge	us-east-1a	2.035000
2026-08-29T16:00:00+00:00	g6e.xlarge	us-east-1b	1.426100
2026-08-29T17:00:00+00:00	g6e.2xlarge	us-east-1d	1.914800
2026-08-29T17:00:00+00:00	g6e.xlarge	us-east-1a	1.497200
2026-08-29T17:00:00+00:00	g6e.xlarge	us-east-1c	1.349000
2026-08-29T18:00:00+00:00	g6e.2xlarge	us-east-1a	2.035000
2026-08-29T18:00:00+00:00	g6e.2xlarge	us-east-1b	2.113200
2026-08-29T19:00:00+00:00	g6e.2xlarge	us-east-1c	1.961000
2026-08-29T19:00:00+00:00	g6e.xlarge	us-east-1d	1.578500
2026-08-29T20:00:00+00:00	g6e.xlarge	us-east-1a	1.496100
2026-08-29T21:00:00+00:00	g6e.2xlarge	us-east-1b	2.118100
2026-08-29T21:00:00+00:00	g6e.xlarge	us-east-1c	1.350000
2026-08-29T23:00:00+00:00	g6e.xlarge	us-east-1a	1.489800
2026-08-30T00:00:00+00:00	g6e.2xlarge	us-east-1d	1.919400
2026-08-30T00:00:00+00:00	g6e.xlarge	us-east-1b	1.434000
2026-08-30T00:00:00+00:00	g6e.xlarge	us-east-1c	1.350000
2026-08-30T01:00:00+00:00	g6e.2xlarge	us-east-1c	1.961000
2026-08-30T02:00:00+00:00	g6e.2xlarge	us-east-1a	2.042900
2026-08-30T02:00:00+00:00	g6e.2xlarge	us-east-1b	2.117800
2026-08-30T02:00:00+00:00	g6e.xlarge	us-east-1a	1.490900
2026-08-30T04:00:00+00:00	g6e.xlarge	us-east-1d	1.566900
2026-08-30T05:00:00+00:00	g6e.2xlarge	us-east-1b	2.117800
2026-08-30T05:00:00+00:00	g6e.2xlarge	us-east-1c	1.961000
2026-08-30T06:00:00+00:00	g6e.2xlarge	us-east-1d	1.917200
2026-08-30T07:00:00+00:00	g6e.2xlarge	us-east-1a	2.052800
2026-08-30T07:00:00+00:00	g6e.xlarge	us-east-1b	1.435900
2026-08-30T08:00:00+00:00	g6e.xlarge	us-east-1c	1.355300
2026-08-30T09:00:00+00:00	g6e.xlarge	us-east-1a	1.494000
2026-08-30T11:00:00+00:00	g6e.2xlarge	us-east-1c	1.969700
2026-08-30T11:00:00+00:00	g6e.xlarge	us-east-1c	1.355700
2026-08-30T12:00:00+00:00	g6e.2xlarge	us-east-1b	2.122900
2026-08-30T12:00:00+00:00	g6e.2xlarge	us-east-1d	1.920700
2026-08-30T13:00:00+00:00	g6e.xlarge	us-east-1d	1.565300
2026-08-30T14:00:00+00:00	g6e.xlarge	us-east-1b	1.439500
2026-08-30T15:00:00+00:00	g6e.2xlarge	us-east-1a	2.061200
2026-08-30T16:00:00+00:00	g6e.2xlarge	us-east-1c	1.971800
2026-08-30T16:00:00+00:00	g6e.2xlarge	us-east-1d	1.924200
2026-08-30T18:00:00+00:00	g6e.2xlarge	us-east-1b	2.130200
2026-08-30T18:00:00+00:00	g6e.xlarge	us-east-1a	1.494700
2026-08-30T18:00:00+00:00	g6e.xlarge	us-east-1b	1.439500
2026-08-30T18:00:00+00:00	g6e.xlarge	us-east-1c	1.360200
2026-08-30T20:00:00+00:00	g6e.2xlarge	us-east-1c	1.989400
2026-08-30T21:00:00+00:00	g6e.xlarge	us-east-1b	1.448500
2026-08-30T21:00:00+00:00	g6e.xlarge	us-east-1d	1.565600
2026-08-30T22:00:00+00:00	g6e.2xlarge	us-east-1a	2.079900
2026-08-30T23:00:00+00:00	g6e.xlarge	us-east-1a	1.514700
2026-08-31T01:00:00+00:00	g6e.2xlarge	us-east-1b	2.137000
2026-08-31T01:00:00+00:00	g6e.2xlarge	us-east-1c	2.004300
2026-08-31T01:00:00+00:00	g6e.2xlarge	us-east-1d	1.929600
2026-08-31T01:00:00+00:00	g6e.xlarge	us-east-1c	1.368000
2026-08-31T03:00:00+00:00	g6e.xlarge	us-east-1d	1.570800
2026-08-31T04:00:00+00:00	g6e.2xlarge	us-east-1b	2.137000
2026-08-31T04:00:00+00:00	g6e.2xlarge	us-east-1d	1.936100
2026-08-31T06:00:00+00:00	g6e.2xlarge	us-east-1a	2.082400
2026-08-31T06:00:00+00:00	g6e.xlarge	us-east-1b	1.448700
2026-08-31T07:00:00+00:00	g6e.xlarge	us-east-1d	1.578500
2026-08-31T08:00:00+00:00	g6e.2xlarge	us-east-1c	2.024600
2026-08-31T08:00:00+00:00	g6e.xlarge	us-east-1a	1.523300
2026-08-31T09:00:00+00:00	g6e.xlarge	us-east-1c	1.370100
2026-08-31T10:00:00+00:00	g6e.2xlarge	us-east-1d	1.946300
2026-08-31T11:00:00+00:00	g6e.xlarge	us-east-1a	1.529000
2026-08-31T11:00:00+00:00	g6e.xlarge	us-east-1d	1.584300
2026-08-31T13:00:00+00:00	g6e.2xlarge	us-east-1b	2.143400
2026-08-31T14:00:00+00:00	g6e.2xlarge	us-east-1a	2.114700
2026-08-31T15:00:00+00:00	g6e.2xlarge	us-east-1c	2.034200
2026-08-31T15:00:00+00:00	g6e.xlarge	us-east-1b	1.465000
2026-08-31T15:00:00+00:00	g6e.xlarge	us-east-1d	1.589800
2026-08-31T17:00:00+00:00	g6e.xlarge	us-east-1c	1.376800
2026-08-31T19:00:00+00:00	g6e.2xlarge	us-east-1d	1.973500
2026-08-31T19:00:00+00:00	g6e.xlarge	us-east-1d	1.610300
2026-08-31T20:00:00+00:00	g6e.xlarge	us-east-1a	1.559800
2026-08-31T20:00:00+00:00	g6e.xlarge	us-east-1c	1.397400
2026-08-31T22:00:00+00:00	g6e.2xlarge	us-east-1a	2.119500
2026-08-31T22:00:00+00:00	g6e.2xlarge	us-east-1b	2.146900
2026-08-31T23:00:00+00:00	g6e.2xlarge	us-east-1c	2.048900
2026-09-01T00:00:00+00:00	g6e.xlarge	us-east-1b	1.482600
2026-09-01T01:00:00+00:00	g6e.2xlarge	us-east-1d	1.980800
2026-09-01T02:00:00+00:00	g6e.2xlarge	us-east-1b	2.152100
2026-09-01T03:00:00+00:00	g6e.xlarge	us-east-1b	1.512000
2026-09-01T03:00:00+00:00	g6e.xlarge	us-east-1d	1.622000
2026-09-01T04:00:00+00:00	g6e.2xlarge	us-east-1d	1.980800
2026-09-01T04:00:00+00:00	g6e.xlarge	us-east-1a	1.573000
2026-09-01T04:00:00+00:00	g6e.xlarge	us-east-1c	1.407500
2026-09-01T07:00:00+00:00	g6e.2xlarge	us-east-1a	2.151100
2026-09-01T07:00:00+00:00	g6e.2xlarge	us-east-1c	2.080500
2026-09-01T08:00:00+00:00	g6e.xlarge	us-east-1c	1.426900
2026-09-01T10:00:00+00:00	g6e.xlarge	us-east-1b	1.527700
2026-09-01T10:00:00+00:00	g6e.xlarge	us-east-1d	1.632000
2026-09-01T11:00:00+00:00	g6e.2xlarge	us-east-1b	2.161800
2026-09-01T11:00:00+00:00	g6e.xlarge	us-east-1a	1.596400
2026-09-01T11:00:00+00:00	g6e.xlarge	us-east-1c	1.454600
2026-09-01T12:00:00+00:00	g6e.2xlarge	us-east-1c	2.080500
2026-09-01T12:00:00+00:00	g6e.2xlarge	us-east-1d	2.002200
2026-09-01T13:00:00+00:00	g6e.xlarge	us-east-1b	1.534000
2026-09-01T14:00:00+00:00	g6e.xlarge	us-east-1d	1.619900
2026-09-01T16:00:00+00:00	g6e.2xlarge	us-east-1a	2.171900
2026-09-01T16:00:00+00:00	g6e.2xlarge	us-east-1b	2.177800
2026-09-01T16:00:00+00:00	g6e.xlarge	us-east-1a	1.600200
2026-09-01T17:00:00+00:00	g6e.2xlarge	us-east-1c	2.089200
2026-09-01T17:00:00+00:00	g6e.xlarge	us-east-1c	1.461100
2026-09-01T19:00:00+00:00	g6e.xlarge	us-east-1a	1.625200
2026-09-01T20:00:00+00:00	g6e.2xlarge	us-east-1d	2.018700
2026-09-01T20:00:00+00:00	g6e.xlarge	us-east-1d	1.616300
2026-09-01T21:00:00+00:00	g6e.2xlarge	us-east-1b	2.178700
2026-09-01T21:00:00+00:00	g6e.xlarge	us-east-1b	1.538700
2026-09-01T22:00:00+00:00	g6e.2xlarge	us-east-1c	2.088300
2026-09-02T00:00:00+00:00	g6e.2xlarge	us-east-1d	2.018700
2026-09-02T00:00:00+00:00	g6e.xlarge	us-east-1c	1.461300
2026-09-02T01:00:00+00:00	g6e.2xlarge	us-east-1a	2.169200
2026-09-02T01:00:00+00:00	g6e.2xlarge	us-east-1b	2.178200
2026-09-02T04:00:00+00:00	g6e.xlarge	us-east-1a	1.632600
2026-09-02T04:00:00+00:00	g6e.xlarge	us-east-1c	1.462100
2026-09-02T05:00:00+00:00	g6e.xlarge	us-east-1d	1.612600
2026-09-02T06:00:00+00:00	g6e.2xlarge	us-east-1c	2.084900
2026-09-02T06:00:00+00:00	g6e.xlarge	us-east-1b	1.540700
2026-09-02T07:00:00+00:00	g6e.2xlarge	us-east-1b	2.174900
2026-09-02T07:00:00+00:00	g6e.2xlarge	us-east-1d	2.011500
2026-09-02T07:00:00+00:00	g6e.xlarge	us-east-1a	1.647000
2026-09-02T09:00:00+00:00	g6e.2xlarge	us-east-1a	2.168500
2026-09-02T09:00:00+00:00	g6e.xlarge	us-east-1d	1.611200
2026-09-02T10:00:00+00:00	g6e.2xlarge	us-east-1c	2.082500
2026-09-02T12:00:00+00:00	g6e.xlarge	us-east-1d	1.611200
2026-09-02T13:00:00+00:00	g6e.2xlarge	us-east-1d	2.005400
2026-09-02T13:00:00+00:00	g6e.xlarge	us-east-1c	1.468900
2026-09-02T14:00:00+00:00	g6e.2xlarge	us-east-1c	2.077200
2026-09-02T15:00:00+00:00	g6e.2xlarge	us-east-1b	2.171000
2026-09-02T15:00:00+00:00	g6e.xlarge	us-east-1a	1.656800
2026-09-02T15:00:00+00:00	g6e.xlarge	us-east-1b	1.540200
2026-09-02T17:00:00+00:00	g6e.2xlarge	us-east-1a	2.165900
2026-09-02T18:00:00+00:00	g6e.2xlarge	us-east-1d	2.005400
2026-09-02T19:00:00+00:00	g6e.xlarge	us-east-1d	1.604700
2026-09-02T20:00:00+00:00	g6e.2xlarge	us-east-1a	2.166400
2026-09-02T20:00:00+00:00	g6e.2xlarge	us-east-1c	2.079100
2026-09-02T22:00:00+00:00	g6e.xlarge	us-east-1c	1.465500
2026-09-02T23:00:00+00:00	g6e.xlarge	us-east-1a	1.679400
2026-09-03T00:00:00+00:00	g6e.2xlarge	us-east-1b	2.169000
2026-09-03T00:00:00+00:00	g6e.xlarge	us-east-1b	1.538600
2026-09-03T02:00:00+00:00	g6e.2xlarge	us-east-1c	2.077100
2026-09-03T02:00:00+00:00	g6e.xlarge	us-east-1d	1.599400
2026-09-03T03:00:00+00:00	g6e.2xlarge	us-east-1d	2.001400
2026-09-03T03:00:00+00:00	g6e.xlarge	us-east-1b	1.533500
2026-09-03T04:00:00+00:00	g6e.xlarge	us-east-1a	1.684100
2026-09-03T05:00:00+00:00	g6e.2xlarge	us-east-1a	2.165700
2026-09-03T05:00:00+00:00	g6e.2xlarge	us-east-1c	2.077100
2026-09-03T06:00:00+00:00	g6e.2xlarge	us-east-1b	2.166500
2026-09-03T06:00:00+00:00	g6e.2xlarge	us-east-1d	1.998700
2026-09-03T07:00:00+00:00	g6e.xlarge	us-east-1c	1.462700
2026-09-03T08:00:00+00:00	g6e.xlarge	us-east-1b	1.532400
2026-09-03T10:00:00+00:00	g6e.2xlarge	us-east-1b	2.168500
2026-09-03T10:00:00+00:00	g6e.2xlarge	us-east-1c	2.078200
2026-09-03T11:00:00+00:00	g6e.xlarge	us-east-1a	1.690800
2026-09-03T11:00:00+00:00	g6e.xlarge	us-east-1d	1.604500
2026-09-03T13:00:00+00:00	g6e.2xlarge	us-east-1c	2.078700
2026-09-03T14:00:00+00:00	g6e.2xlarge	us-east-1a	2.165400
2026-09-03T14:00:00+00:00	g6e.2xlarge	us-east-1b	2.169400
2026-09-03T14:00:00+00:00	g6e.2xlarge	us-east-1d	2.002700
2026-09-03T14:00:00+00:00	g6e.xlarge	us-east-1b	1.528900
2026-09-03T14:00:00+00:00	g6e.xlarge	us-east-1d	1.595000
2026-09-03T15:00:00+00:00	g6e.xlarge	us-east-1c	1.456400
2026-09-03T17:00:00+00:00	g6e.2xlarge	us-east-1d	2.002700
2026-09-03T18:00:00+00:00	g6e.2xlarge	us-east-1c	2.078700
2026-09-03T19:00:00+00:00	g6e.xlarge	us-east-1a	1.698300
2026-09-03T21:00:00+00:00	g6e.2xlarge	us-east-1a	2.166800
2026-09-03T21:00:00+00:00	g6e.xlarge	us-east-1c	1.446900
2026-09-03T22:00:00+00:00	g6e.xlarge	us-east-1b	1.523900
2026-09-03T22:00:00+00:00	g6e.xlarge	us-east-1d	1.587800
2026-09-03T23:00:00+00:00	g6e.2xlarge	us-east-1b	2.169300
2026-09-03T23:00:00+00:00	g6e.2xlarge	us-east-1d	2.003400
2026-09-04T01:00:00+00:00	g6e.2xlarge	us-east-1a	2.166800
2026-09-04T01:00:00+00:00	g6e.xlarge	us-east-1c	1.448600
2026-09-04T02:00:00+00:00	g6e.2xlarge	us-east-1b	2.171300
2026-09-04T02:00:00+00:00	g6e.2xlarge	us-east-1c	2.079500
2026-09-04T02:00:00+00:00	g6e.xlarge	us-east-1a	1.712100
2026-09-04T04:00:00+00:00	g6e.2xlarge	us-east-1d	2.004000
2026-09-04T05:00:00+00:00	g6e.2xlarge	us-east-1b	2.171300
2026-09-04T06:00:00+00:00	g6e.2xlarge	us-east-1a	2.166800
2026-09-04T07:00:00+00:00	g6e.xlarge	us-east-1a	1.715000
2026-09-04T07:00:00+00:00	g6e.xlarge	us-east-1b	1.528100
2026-09-04T07:00:00+00:00	g6e.xlarge	us-east-1c	1.451300
2026-09-04T07:00:00+00:00	g6e.xlarge	us-east-1d	1.579600
2026-09-04T08:00:00+00:00	g6e.2xlarge	us-east-1c	2.079000
2026-09-04T10:00:00+00:00	g6e.xlarge	us-east-1c	1.451300
2026-09-04T11:00:00+00:00	g6e.2xlarge	us-east-1d	2.001400
2026-09-04T11:00:00+00:00	g6e.xlarge	us-east-1d	1.579600
2026-09-04T12:00:00+00:00	g6e.2xlarge	us-east-1a	2.169500
2026-09-04T12:00:00+00:00	g6e.2xlarge	us-east-1b	2.171400
2026-09-04T12:00:00+00:00	g6e.xlarge	us-east-1b	1.528100
2026-09-04T14:00:00+00:00	g6e.2xlarge	us-east-1d	2.000700
2026-09-04T16:00:00+00:00	g6e.2xlarge	us-east-1b	2.171900
2026-09-04T16:00:00+00:00	g6e.2xlarge	us-east-1c	2.078300
2026-09-04T16:00:00+00:00	g6e.xlarge	us-east-1a	1.735800
2026-09-04T17:00:00+00:00	g6e.2xlarge	us-east-1d	2.000700
2026-09-04T17:00:00+00:00	g6e.xlarge	us-east-1c	1.448500
2026-09-04T18:00:00+00:00	g6e.xlarge	us-east-1d	1.577200
2026-09-04T19:00:00+00:00	g6e.2xlarge	us-east-1a	2.171700
2026-09-04T19:00:00+00:00	g6e.2xlarge	us-east-1b	2.173100
2026-09-04T20:00:00+00:00	g6e.xlarge	us-east-1b	1.519700
2026-09-04T21:00:00+00:00	g6e.2xlarge	us-east-1d	1.998700
2026-09-04T22:00:00+00:00	g6e.xlarge	us-east-1c	1.442800
2026-09-04T23:00:00+00:00	g6e.2xlarge	us-east-1b	2.173100
2026-09-04T23:00:00+00:00	g6e.2xlarge	us-east-1c	2.077600
2026-09-05T00:00:00+00:00	g6e.2xlarge	us-east-1a	2.171700
2026-09-05T00:00:00+00:00	g6e.xlarge	us-east-1a	1.743900
2026-09-05T00:00:00+00:00	g6e.xlarge	us-east-1b	1.519700
2026-09-05T00:00:00+00:00	g6e.xlarge	us-east-1d	1.567900
2026-09-05T03:00:00+00:00	g6e.2xlarge	us-east-1d	1.994500
2026-09-05T04:00:00+00:00	g6e.2xlarge	us-east-1a	2.172900
2026-09-05T04:00:00+00:00	g6e.2xlarge	us-east-1b	2.171300
2026-09-05T04:00:00+00:00	g6e.xlarge	us-east-1a	1.752600
2026-09-05T06:00:00+00:00	g6e.2xlarge	us-east-1c	2.078000
2026-09-05T06:00:00+00:00	g6e.xlarge	us-east-1c	1.441900
2026-09-05T06:00:00+00:00	g6e.xlarge	us-east-1d	1.569800
2026-09-05T07:00:00+00:00	g6e.xlarge	us-east-1b	1.525600
2026-09-05T08:00:00+00:00	g6e.2xlarge	us-east-1a	2.177100
2026-09-05T08:00:00+00:00	g6e.2xlarge	us-east-1b	2.173600
2026-09-05T11:00:00+00:00	g6e.2xlarge	us-east-1b	2.173600
2026-09-05T11:00:00+00:00	g6e.2xlarge	us-east-1c	2.081600
2026-09-05T12:00:00+00:00	g6e.2xlarge	us-east-1a	2.177100
2026-09-05T12:00:00+00:00	g6e.2xlarge	us-east-1d	1.990800
2026-09-05T13:00:00+00:00	g6e.xlarge	us-east-1a	1.762100
2026-09-05T13:00:00+00:00	g6e.xlarge	us-east-1d	1.583000
2026-09-05T15:00:00+00:00	g6e.xlarge	us-east-1b	1.529600
2026-09-05T15:00:00+00:00	g6e.xlarge	us-east-1c	1.445300
2026-09-05T17:00:00+00:00	g6e.2xlarge	us-east-1d	1.986400
2026-09-05T18:00:00+00:00	g6e.xlarge	us-east-1c	1.445300
2026-09-05T19:00:00+00:00	g6e.2xlarge	us-east-1c	2.083700
2026-09-05T20:00:00+00:00	g6e.2xlarge	us-east-1b	2.169800
2026-09-05T20:00:00+00:00	g6e.xlarge	us-east-1a	1.766900
2026-09-05T21:00:00+00:00	g6e.2xlarge	us-east-1a	2.181100
2026-09-05T21:00:00+00:00	g6e.xlarge	us-east-1b	1.528100
2026-09-05T22:00:00+00:00	g6e.xlarge	us-east-1d	1.591600
2026-09-05T23:00:00+00:00	g6e.xlarge	us-east-1a	1.779600
2026-09-06T00:00:00+00:00	g6e.2xlarge	us-east-1d	1.981200
2026-09-06T00:00:00+00:00	g6e.xlarge	us-east-1b	1.528100
2026-09-06T01:00:00+00:00	g6e.2xlarge	us-east-1a	2.181300
2026-09-06T03:00:00+00:00	g6e.xlarge	us-east-1c	1.447800
2026-09-06T03:00:00+00:00	g6e.xlarge	us-east-1d	1.590500
2026-09-06T04:00:00+00:00	g6e.2xlarge	us-east-1c	2.085200
2026-09-06T04:00:00+00:00	g6e.xlarge	us-east-1a	1.780000
2026-09-06T04:00:00+00:00	g6e.xlarge	us-east-1b	1.528200
2026-09-06T05:00:00+00:00	g6e.2xlarge	us-east-1b	2.169300
2026-09-06T08:00:00+00:00	g6e.2xlarge	us-east-1a	2.184800
2026-09-06T08:00:00+00:00	g6e.2xlarge	us-east-1d	1.983700
2026-09-06T08:00:00+00:00	g6e.xlarge	us-east-1d	1.590000
2026-09-06T09:00:00+00:00	g6e.2xlarge	us-east-1b	2.169400
2026-09-06T09:00:00+00:00	g6e.xlarge	us-east-1a	1.792500
2026-09-06T09:00:00+00:00	g6e.xlarge	us-east-1b	1.531600
2026-09-06T10:00:00+00:00	g6e.xlarge	us-east-1c	1.453500
2026-09-06T12:00:00+00:00	g6e.2xlarge	us-east-1b	2.169400
2026-09-06T12:00:00+00:00	g6e.2xlarge	us-east-1c	2.090000
2026-09-06T12:00:00+00:00	g6e.xlarge	us-east-1b	1.531600
2026-09-06T13:00:00+00:00	g6e.xlarge	us-east-1d	1.590700
2026-09-06T14:00:00+00:00	g6e.xlarge	us-east-1c	1.459600
2026-09-06T15:00:00+00:00	g6e.2xlarge	us-east-1b	2.175400
2026-09-06T15:00:00+00:00	g6e.2xlarge	us-east-1d	1.989700
2026-09-06T17:00:00+00:00	g6e.2xlarge	us-east-1a	2.188800
2026-09-06T18:00:00+00:00	g6e.xlarge	us-east-1a	1.822100
2026-09-06T19:00:00+00:00	g6e.xlarge	us-east-1b	1.537600
2026-09-06T19:00:00+00:00	g6e.xlarge	us-east-1d	1.590100
2026-09-06T20:00:00+00:00	g6e.xlarge	us-east-1c	1.471200
2026-09-06T21:00:00+00:00	g6e.2xlarge	us-east-1c	2.096900
2026-09-06T22:00:00+00:00	g6e.2xlarge	us-east-1d	1.991500
2026-09-06T22:00:00+00:00	g6e.xlarge	us-east-1a	1.824400
2026-09-06T22:00:00+00:00	g6e.xlarge	us-east-1d	1.590100
2026-09-06T23:00:00+00:00	g6e.xlarge	us-east-1b	1.543900
2026-09-07T00:00:00+00:00	g6e.2xlarge	us-east-1b	2.177900
2026-09-07T01:00:00+00:00	g6e.2xlarge	us-east-1a	2.196000
2026-09-07T02:00:00+00:00	g6e.2xlarge	us-east-1d	1.997400
2026-09-07T03:00:00+00:00	g6e.2xlarge	us-east-1c	2.102200
2026-09-07T03:00:00+00:00	g6e.xlarge	us-east-1c	1.482500
2026-09-07T03:00:00+00:00	g6e.xlarge	us-east-1d	1.592200
2026-09-07T04:00:00+00:00	g6e.xlarge	us-east-1a	1.856200
2026-09-07T05:00:00+00:00	g6e.xlarge	us-east-1b	1.553700
2026-09-07T07:00:00+00:00	g6e.2xlarge	us-east-1c	2.111100
2026-09-07T07:00:00+00:00	g6e.2xlarge	us-east-1d	2.005000
2026-09-07T09:00:00+00:00	g6e.2xlarge	us-east-1b	2.195300
2026-09-07T09:00:00+00:00	g6e.xlarge	us-east-1c	1.497300
2026-09-07T10:00:00+00:00	g6e.2xlarge	us-east-1a	2.201800
2026-09-07T10:00:00+00:00	g6e.xlarge	us-east-1d	1.596400
2026-09-07T13:00:00+00:00	g6e.2xlarge	us-east-1c	2.117700
2026-09-07T13:00:00+00:00	g6e.xlarge	us-east-1a	1.861000
2026-09-07T13:00:00+00:00	g6e.xlarge	us-east-1b	1.575100
2026-09-07T14:00:00+00:00	g6e.2xlarge	us-east-1d	2.013800
2026-09-07T14:00:00+00:00	g6e.xlarge	us-east-1c	1.506600
2026-09-07T15:00:00+00:00	g6e.2xlarge	us-east-1b	2.197700
2026-09-07T17:00:00+00:00	g6e.xlarge	us-east-1b	1.589100
2026-09-07T17:00:00+00:00	g6e.xlarge	us-east-1d	1.597200
2026-09-07T18:00:00+00:00	g6e.2xlarge	us-east-1a	2.207100
2026-09-07T19:00:00+00:00	g6e.2xlarge	us-east-1c	2.122500
2026-09-07T20:00:00+00:00	g6e.2xlarge	us-east-1b	2.203700
2026-09-07T20:00:00+00:00	g6e.xlarge	us-east-1a	1.861000
2026-09-07T20:00:00+00:00	g6e.xlarge	us-east-1c	1.516100
2026-09-07T21:00:00+00:00	g6e.2xlarge	us-east-1a	2.211600
2026-09-07T21:00:00+00:00	g6e.xlarge	us-east-1b	1.607400
2026-09-07T22:00:00+00:00	g6e.2xlarge	us-east-1d	2.025400
2026-09-07T23:00:00+00:00	g6e.2xlarge	us-east-1b	2.203700
2026-09-07T23:00:00+00:00	g6e.2xlarge	us-east-1c	2.122500
2026-09-07T23:00:00+00:00	g6e.xlarge	us-east-1c	1.516100
2026-09-08T02:00:00+00:00	g6e.xlarge	us-east-1a	1.861000
2026-09-08T02:00:00+00:00	g6e.xlarge	us-east-1b	1.619700
2026-09-08T02:00:00+00:00	g6e.xlarge	us-east-1d	1.619800
2026-09-08T04:00:00+00:00	g6e.2xlarge	us-east-1a	2.216400
2026-09-08T04:00:00+00:00	g6e.2xlarge	us-east-1c	2.123700
2026-09-08T04:00:00+00:00	g6e.2xlarge	us-east-1d	2.037100
2026-09-08T06:00:00+00:00	g6e.xlarge	us-east-1c	1.522100
2026-09-08T06:00:00+00:00	g6e.xlarge	us-east-1d	1.619800
2026-09-08T08:00:00+00:00	g6e.2xlarge	us-east-1b	2.216600
2026-09-08T08:00:00+00:00	g6e.2xlarge	us-east-1d	2.056500
2026-09-08T09:00:00+00:00	g6e.2xlarge	us-east-1a	2.222000
2026-09-08T09:00:00+00:00	g6e.xlarge	us-east-1a	1.861000
2026-09-08T09:00:00+00:00	g6e.xlarge	us-east-1b	1.629200
2026-09-08T09:00:00+00:00	g6e.xlarge	us-east-1c	1.534900
2026-09-08T10:00:00+00:00	g6e.xlarge	us-east-1d	1.621700
2026-09-08T12:00:00+00:00	g6e.2xlarge	us-east-1c	2.127300
2026-09-08T12:00:00+00:00	g6e.xlarge	us-east-1b	1.629200
2026-09-08T13:00:00+00:00	g6e.2xlarge	us-east-1b	2.229100
2026-09-08T15:00:00+00:00	g6e.2xlarge	us-east-1a	2.223500
2026-09-08T15:00:00+00:00	g6e.2xlarge	us-east-1d	2.060700
2026-09-08T16:00:00+00:00	g6e.xlarge	us-east-1b	1.639900
2026-09-08T16:00:00+00:00	g6e.xlarge	us-east-1c	1.548200
2026-09-08T17:00:00+00:00	g6e.xlarge	us-east-1d	1.640500
2026-09-08T18:00:00+00:00	g6e.xlarge	us-east-1a	1.861000
2026-09-08T20:00:00+00:00	g6e.2xlarge	us-east-1d	2.060100
2026-09-08T20:00:00+00:00	g6e.xlarge	us-east-1c	1.551600
2026-09-08T21:00:00+00:00	g6e.2xlarge	us-east-1c	2.146300
2026-09-08T22:00:00+00:00	g6e.2xlarge	us-east-1b	2.231500
2026-09-08T23:00:00+00:00	g6e.xlarge	us-east-1d	1.645000
2026-09-09T00:00:00+00:00	g6e.2xlarge	us-east-1a	2.226300
2026-09-09T00:00:00+00:00	g6e.2xlarge	us-east-1c	2.146300
2026-09-09T00:00:00+00:00	g6e.xlarge	us-east-1a	1.861000
2026-09-09T00:00:00+00:00	g6e.xlarge	us-east-1b	1.638600
2026-09-09T01:00:00+00:00	g6e.2xlarge	us-east-1d	2.053500
2026-09-09T04:00:00+00:00	g6e.2xlarge	us-east-1b	2.232300
2026-09-09T04:00:00+00:00	g6e.xlarge	us-east-1c	1.547400
2026-09-09T05:00:00+00:00	g6e.2xlarge	us-east-1a	2.229300
2026-09-09T05:00:00+00:00	g6e.xlarge	us-east-1d	1.642900
2026-09-09T07:00:00+00:00	g6e.2xlarge	us-east-1c	2.170900
2026-09-09T09:00:00+00:00	g6e.2xlarge	us-east-1a	2.230100
2026-09-09T09:00:00+00:00	g6e.xlarge	us-east-1a	1.861000
2026-09-09T09:00:00+00:00	g6e.xlarge	us-east-1b	1.642000
2026-09-09T09:00:00+00:00	g6e.xlarge	us-east-1d	1.645000
2026-09-09T10:00:00+00:00	g6e.2xlarge	us-east-1d	2.050800
2026-09-09T11:00:00+00:00	g6e.2xlarge	us-east-1c	2.173600
2026-09-09T12:00:00+00:00	g6e.2xlarge	us-east-1b	2.233800
2026-09-09T12:00:00+00:00	g6e.xlarge	us-east-1b	1.642000
2026-09-09T13:00:00+00:00	g6e.2xlarge	us-east-1d	2.047700
2026-09-09T13:00:00+00:00	g6e.xlarge	us-east-1a	1.861000
2026-09-09T13:00:00+00:00	g6e.xlarge	us-east-1c	1.558000
2026-09-09T15:00:00+00:00	g6e.xlarge	us-east-1b	1.645800
2026-09-09T16:00:00+00:00	g6e.xlarge	us-east-1d	1.645800
2026-09-09T17:00:00+00:00	g6e.2xlarge	us-east-1a	2.231700
2026-09-09T18:00:00+00:00	g6e.2xlarge	us-east-1c	2.185900
2026-09-09T18:00:00+00:00	g6e.2xlarge	us-east-1d	2.047700
2026-09-09T19:00:00+00:00	g6e.xlarge	us-east-1d	1.646800
2026-09-09T20:00:00+00:00	g6e.2xlarge	us-east-1b	2.237600
2026-09-09T20:00:00+00:00	g6e.xlarge	us-east-1c	1.557300
2026-09-09T22:00:00+00:00	g6e.2xlarge	us-east-1a	2.234100
2026-09-09T22:00:00+00:00	g6e.xlarge	us-east-1a	1.861000
2026-09-09T23:00:00+00:00	g6e.xlarge	us-east-1c	1.557300
2026-09-10T00:00:00+00:00	g6e.2xlarge	us-east-1b	2.237600
2026-09-10T00:00:00+00:00	g6e.xlarge	us-east-1b	1.648100
2026-09-10T00:00:00+00:00	g6e.xlarge	us-east-1d	1.646800
2026-09-10T01:00:00+00:00	g6e.2xlarge	us-east-1c	2.209400
2026-09-10T01:00:00+00:00	g6e.2xlarge	us-east-1d	2.040700
2026-09-10T03:00:00+00:00	g6e.xlarge	us-east-1d	1.642500
2026-09-10T04:00:00+00:00	g6e.2xlarge	us-east-1b	2.242100
2026-09-10T04:00:00+00:00	g6e.2xlarge	us-east-1c	2.209400
2026-09-10T04:00:00+00:00	g6e.xlarge	us-east-1c	1.556800
2026-09-10T05:00:00+00:00	g6e.2xlarge	us-east-1a	2.233900
2026-09-10T06:00:00+00:00	g6e.2xlarge	us-east-1d	2.040700
2026-09-10T06:00:00+00:00	g6e.xlarge	us-east-1a	1.861000
2026-09-10T07:00:00+00:00	g6e.xlarge	us-east-1d	1.641400
2026-09-10T09:00:00+00:00	g6e.xlarge	us-east-1b	1.652900
2026-09-10T09:00:00+00:00	g6e.xlarge	us-east-1c	1.550600
2026-09-10T10:00:00+00:00	g6e.2xlarge	us-east-1c	2.211400
2026-09-10T10:00:00+00:00	g6e.2xlarge	us-east-1d	2.044300
2026-09-10T12:00:00+00:00	g6e.2xlarge	us-east-1b	2.242100
2026-09-10T14:00:00+00:00	g6e.2xlarge	us-east-1a	2.234300
2026-09-10T14:00:00+00:00	g6e.xlarge	us-east-1c	1.549400
2026-09-10T15:00:00+00:00	g6e.2xlarge	us-east-1b	2.242100
2026-09-10T15:00:00+00:00	g6e.xlarge	us-east-1a	1.861000
2026-09-10T15:00:00+00:00	g6e.xlarge	us-east-1d	1.640200
2026-09-10T18:00:00+00:00	g6e.xlarge	us-east-1b	1.652600
2026-09-10T19:00:00+00:00	g6e.2xlarge	us-east-1b	2.242100
2026-09-10T19:00:00+00:00	g6e.2xlarge	us-east-1c	2.208100
2026-09-10T19:00:00+00:00	g6e.2xlarge	us-east-1d	2.042000
2026-09-10T21:00:00+00:00	g6e.2xlarge	us-east-1a	2.233200
2026-09-10T21:00:00+00:00	g6e.xlarge	us-east-1b	1.648000
2026-09-10T21:00:00+00:00	g6e.xlarge	us-east-1d	1.634100
2026-09-10T22:00:00+00:00	g6e.xlarge	us-east-1c	1.542800
2026-09-10T23:00:00+00:00	g6e.2xlarge	us-east-1b	2.242100
2026-09-10T23:00:00+00:00	g6e.2xlarge	us-east-1c	2.208100
2026-09-11T00:00:00+00:00	g6e.2xlarge	us-east-1d	2.042000
2026-09-11T00:00:00+00:00	g6e.xlarge	us-east-1a	1.861000
2026-09-11T00:00:00+00:00	g6e.xlarge	us-east-1b	1.648000
2026-09-11T01:00:00+00:00	g6e.2xlarge	us-east-1a	2.233900
2026-09-11T03:00:00+00:00	g6e.2xlarge	us-east-1c	2.206200
2026-09-11T04:00:00+00:00	g6e.xlarge	us-east-1c	1.538300
2026-09-11T04:00:00+00:00	g6e.xlarge	us-east-1d	1.631300
2026-09-11T05:00:00+00:00	g6e.xlarge	us-east-1b	1.643300
2026-09-11T06:00:00+00:00	g6e.2xlarge	us-east-1b	2.242100
2026-09-11T06:00:00+00:00	g6e.xlarge	us-east-1a	1.861000
2026-09-11T07:00:00+00:00	g6e.2xlarge	us-east-1a	2.233100
2026-09-11T08:00:00+00:00	g6e.2xlarge	us-east-1c	2.206200
2026-09-11T09:00:00+00:00	g6e.2xlarge	us-east-1d	2.027400
2026-09-11T11:00:00+00:00	g6e.2xlarge	us-east-1b	2.242100
2026-09-11T11:00:00+00:00	g6e.xlarge	us-east-1a	1.861000
2026-09-11T11:00:00+00:00	g6e.xlarge	us-east-1b	1.645400
2026-09-11T12:00:00+00:00	g6e.xlarge	us-east-1d	1.634200
2026-09-11T13:00:00+00:00	g6e.xlarge	us-east-1c	1.535600
2026-09-11T14:00:00+00:00	g6e.2xlarge	us-east-1a	2.231800
2026-09-11T17:00:00+00:00	g6e.2xlarge	us-east-1c	2.204100
2026-09-11T18:00:00+00:00	g6e.2xlarge	us-east-1d	2.023200
2026-09-11T19:00:00+00:00	g6e.xlarge	us-east-1b	1.642600
2026-09-11T19:00:00+00:00	g6e.xlarge	us-east-1c	1.530500
2026-09-11T20:00:00+00:00	g6e.2xlarge	us-east-1b	2.242100
2026-09-11T20:00:00+00:00	g6e.xlarge	us-east-1a	1.861000
2026-09-11T21:00:00+00:00	g6e.xlarge	us-east-1d	1.630100
2026-09-11T22:00:00+00:00	g6e.2xlarge	us-east-1a	2.229500
2026-09-11T22:00:00+00:00	g6e.xlarge	us-east-1b	1.639200
2026-09-11T23:00:00+00:00	g6e.2xlarge	us-east-1b	2.242100
2026-09-11T23:00:00+00:00	g6e.xlarge	us-east-1c	1.530500
2026-09-12T00:00:00+00:00	g6e.2xlarge	us-east-1c	2.202300
2026-09-12T01:00:00+00:00	g6e.2xlarge	us-east-1d	2.012600
2026-09-12T02:00:00+00:00	g6e.xlarge	us-east-1b	1.641000
2026-09-12T02:00:00+00:00	g6e.xlarge	us-east-1c	1.527500
2026-09-12T03:00:00+00:00	g6e.xlarge	us-east-1a	1.861000
2026-09-12T04:00:00+00:00	g6e.xlarge	us-east-1d	1.631800
2026-09-12T05:00:00+00:00	g6e.2xlarge	us-east-1c	2.198700
2026-09-12T05:00:00+00:00	g6e.2xlarge	us-east-1d	2.012600
2026-09-12T06:00:00+00:00	g6e.2xlarge	us-east-1a	2.227600
2026-09-12T06:00:00+00:00	g6e.2xlarge	us-east-1b	2.237100
2026-09-12T08:00:00+00:00	g6e.2xlarge	us-east-1d	2.007400
2026-09-12T10:00:00+00:00	g6e.xlarge	us-east-1b	1.650500
2026-09-12T10:00:00+00:00	g6e.xlarge	us-east-1d	1.637600
2026-09-12T11:00:00+00:00	g6e.2xlarge	us-east-1d	2.007400
2026-09-12T11:00:00+00:00	g6e.xlarge	us-east-1a	1.861000
2026-09-12T11:00:00+00:00	g6e.xlarge	us-east-1c	1.529500
2026-09-12T12:00:00+00:00	g6e.2xlarge	us-east-1b	2.235300
2026-09-12T14:00:00+00:00	g6e.2xlarge	us-east-1c	2.196200
2026-09-12T15:00:00+00:00	g6e.2xlarge	us-east-1a	2.227400
2026-09-12T15:00:00+00:00	g6e.xlarge	us-east-1c	1.534100
2026-09-12T16:00:00+00:00	g6e.2xlarge	us-east-1d	2.002200
2026-09-12T17:00:00+00:00	g6e.xlarge	us-east-1a	1.861000
2026-09-12T17:00:00+00:00	g6e.xlarge	us-east-1b	1.659200
2026-09-12T18:00:00+00:00	g6e.2xlarge	us-east-1a	2.227400
2026-09-12T18:00:00+00:00	g6e.xlarge	us-east-1d	1.653400
2026-09-12T19:00:00+00:00	g6e.2xlarge	us-east-1b	2.233800
2026-09-12T19:00:00+00:00	g6e.2xlarge	us-east-1c	2.200900
2026-09-12T20:00:00+00:00	g6e.xlarge	us-east-1b	1.658100
2026-09-12T21:00:00+00:00	g6e.xlarge	us-east-1d	1.655900
2026-09-12T22:00:00+00:00	g6e.xlarge	us-east-1c	1.534600
2026-09-13T00:00:00+00:00	g6e.2xlarge	us-east-1d	1.994900
2026-09-13T00:00:00+00:00	g6e.xlarge	us-east-1b	1.658100
2026-09-13T01:00:00+00:00	g6e.2xlarge	us-east-1a	2.231200
2026-09-13T01:00:00+00:00	g6e.2xlarge	us-east-1c	2.213400
2026-09-13T02:00:00+00:00	g6e.2xlarge	us-east-1b	2.234100
2026-09-13T02:00:00+00:00	g6e.xlarge	us-east-1a	1.861000
2026-09-13T04:00:00+00:00	g6e.2xlarge	us-east-1c	2.213400
2026-09-13T04:00:00+00:00	g6e.xlarge	us-east-1d	1.655100
2026-09-13T05:00:00+00:00	g6e.2xlarge	us-east-1a	2.231200
2026-09-13T05:00:00+00:00	g6e.xlarge	us-east-1b	1.657500
2026-09-13T05:00:00+00:00	g6e.xlarge	us-east-1c	1.533000
2026-09-13T06:00:00+00:00	g6e.2xlarge	us-east-1d	1.994300
2026-09-13T08:00:00+00:00	g6e.xlarge	us-east-1a	1.861000
2026-09-13T08:00:00+00:00	g6e.xlarge	us-east-1b	1.656000
2026-09-13T08:00:00+00:00	g6e.xlarge	us-east-1d	1.655600
2026-09-13T09:00:00+00:00	g6e.2xlarge	us-east-1a	2.236500
2026-09-13T10:00:00+00:00	g6e.2xlarge	us-east-1b	2.235300
2026-09-13T11:00:00+00:00	g6e.2xlarge	us-east-1d	1.997000
2026-09-13T11:00:00+00:00	g6e.xlarge	us-east-1c	1.534000
2026-09-13T12:00:00+00:00	g6e.2xlarge	us-east-1c	2.229900
2026-09-13T14:00:00+00:00	g6e.2xlarge	us-east-1a	2.238500
2026-09-13T14:00:00+00:00	g6e.xlarge	us-east-1b	1.656000
2026-09-13T16:00:00+00:00	g6e.2xlarge	us-east-1d	1.996900
2026-09-13T16:00:00+00:00	g6e.xlarge	us-east-1d	1.654500
2026-09-13T17:00:00+00:00	g6e.2xlarge	us-east-1c	2.239300
2026-09-13T17:00:00+00:00	g6e.xlarge	us-east-1a	1.861000
2026-09-13T18:00:00+00:00	g6e.2xlarge	us-east-1a	2.238500
2026-09-13T18:00:00+00:00	g6e.xlarge	us-east-1c	1.537700
2026-09-13T19:00:00+00:00	g6e.2xlarge	us-east-1b	2.241700
2026-09-13T19:00:00+00:00	g6e.xlarge	us-east-1b	1.657500
2026-09-13T21:00:00+00:00	g6e.2xlarge	us-east-1d	1.997100
2026-09-13T21:00:00+00:00	g6e.xlarge	us-east-1d	1.655400
2026-09-13T22:00:00+00:00	g6e.2xlarge	us-east-1a	2.242100
2026-09-13T22:00:00+00:00	g6e.xlarge	us-east-1a	1.861000
2026-09-13T22:00:00+00:00	g6e.xlarge	us-east-1b	1.657500
2026-09-13T23:00:00+00:00	g6e.2xlarge	us-east-1b	2.241700
2026-09-13T23:00:00+00:00	g6e.2xlarge	us-east-1c	2.242100
2026-09-13T23:00:00+00:00	g6e.xlarge	us-east-1c	1.547800
2026-09-14T01:00:00+00:00	g6e.2xlarge	us-east-1d	2.018300
2026-09-14T01:00:00+00:00	g6e.xlarge	us-east-1a	1.861000
2026-09-14T02:00:00+00:00	g6e.2xlarge	us-east-1c	2.242100
2026-09-14T04:00:00+00:00	g6e.2xlarge	us-east-1a	2.242100
2026-09-14T04:00:00+00:00	g6e.xlarge	us-east-1b	1.656500
2026-09-14T06:00:00+00:00	g6e.2xlarge	us-east-1b	2.242100
2026-09-14T06:00:00+00:00	g6e.xlarge	us-east-1d	1.654600
2026-09-14T07:00:00+00:00	g6e.xlarge	us-east-1c	1.566600
2026-09-14T08:00:00+00:00	g6e.xlarge	us-east-1a	1.861000
2026-09-14T09:00:00+00:00	g6e.2xlarge	us-east-1a	2.242100
2026-09-14T09:00:00+00:00	g6e.2xlarge	us-east-1c	2.242100
2026-09-14T10:00:00+00:00	g6e.2xlarge	us-east-1d	2.031700
2026-09-14T11:00:00+00:00	g6e.xlarge	us-east-1a	1.861000
2026-09-14T13:00:00+00:00	g6e.2xlarge	us-east-1a	2.242100
2026-09-14T13:00:00+00:00	g6e.2xlarge	us-east-1b	2.242100
2026-09-14T13:00:00+00:00	g6e.xlarge	us-east-1b	1.659200
2026-09-14T13:00:00+00:00	g6e.xlarge	us-east-1d	1.664800
2026-09-14T14:00:00+00:00	g6e.xlarge	us-east-1c	1.576100
2026-09-14T15:00:00+00:00	g6e.2xlarge	us-east-1c	2.242100
2026-09-14T16:00:00+00:00	g6e.2xlarge	us-east-1b	2.242100
2026-09-14T17:00:00+00:00	g6e.2xlarge	us-east-1d	2.043000
2026-09-14T18:00:00+00:00	g6e.xlarge	us-east-1d	1.664800
2026-09-14T20:00:00+00:00	g6e.xlarge	us-east-1a	1.861000
2026-09-14T20:00:00+00:00	g6e.xlarge	us-east-1b	1.662800
2026-09-14T21:00:00+00:00	g6e.2xlarge	us-east-1b	2.242100
2026-09-14T22:00:00+00:00	g6e.2xlarge	us-east-1a	2.242100
2026-09-14T23:00:00+00:00	g6e.2xlarge	us-east-1c	2.242100
2026-09-14T23:00:00+00:00	g6e.xlarge	us-east-1b	1.662800
2026-09-14T23:00:00+00:00	g6e.xlarge	us-east-1c	1.582300
2026-09-15T01:00:00+00:00	g6e.2xlarge	us-east-1d	2.057100
2026-09-15T01:00:00+00:00	g6e.xlarge	us-east-1d	1.665400
2026-09-15T02:00:00+00:00	g6e.2xlarge	us-east-1b	2.242100
2026-09-15T02:00:00+00:00	g6e.xlarge	us-east-1a	1.861000
2026-09-15T02:00:00+00:00	g6e.xlarge	us-east-1c	1.586800
2026-09-15T04:00:00+00:00	g6e.2xlarge	us-east-1a	2.242100
2026-09-15T04:00:00+00:00	g6e.2xlarge	us-east-1c	2.242100
2026-09-15T06:00:00+00:00	g6e.2xlarge	us-east-1d	2.057100
2026-09-15T07:00:00+00:00	g6e.xlarge	us-east-1a	1.861000
2026-09-15T07:00:00+00:00	g6e.xlarge	us-east-1b	1.664500
2026-09-15T08:00:00+00:00	g6e.2xlarge	us-east-1a	2.242100
2026-09-15T08:00:00+00:00	g6e.2xlarge	us-east-1c	2.242100
2026-09-15T08:00:00+00:00	g6e.xlarge	us-east-1c	1.591100
2026-09-15T09:00:00+00:00	g6e.xlarge	us-east-1d	1.673300
2026-09-15T10:00:00+00:00	g6e.2xlarge	us-east-1b	2.242100
2026-09-15T11:00:00+00:00	g6e.xlarge	us-east-1b	1.664500
2026-09-15T12:00:00+00:00	g6e.2xlarge	us-east-1d	2.061300
2026-09-15T13:00:00+00:00	g6e.xlarge	us-east-1d	1.686800
2026-09-15T14:00:00+00:00	g6e.2xlarge	us-east-1c	2.242100
2026-09-15T15:00:00+00:00	g6e.xlarge	us-east-1a	1.861000
2026-09-15T16:00:00+00:00	g6e.2xlarge	us-east-1a	2.242100
2026-09-15T16:00:00+00:00	g6e.2xlarge	us-east-1d	2.071400
2026-09-15T16:00:00+00:00	g6e.xlarge	us-east-1c	1.605800
2026-09-15T17:00:00+00:00	g6e.xlarge	us-east-1b	1.666900
2026-09-15T19:00:00+00:00	g6e.2xlarge	us-east-1a	2.242100
2026-09-15T19:00:00+00:00	g6e.2xlarge	us-east-1b	2.242100
2026-09-15T20:00:00+00:00	g6e.2xlarge	us-east-1d	2.074200
2026-09-15T20:00:00+00:00	g6e.xlarge	us-east-1a	1.861000
2026-09-15T22:00:00+00:00	g6e.xlarge	us-east-1d	1.686200
2026-09-15T23:00:00+00:00	g6e.2xlarge	us-east-1c	2.242100
2026-09-15T23:00:00+00:00	g6e.xlarge	us-east-1b	1.665400
2026-09-15T23:00:00+00:00	g6e.xlarge	us-east-1c	1.621700
2026-09-16T00:00:00+00:00	g6e.2xlarge	us-east-1d	2.074200
2026-09-16T03:00:00+00:00	g6e.2xlarge	us-east-1a	2.242100
2026-09-16T03:00:00+00:00	g6e.2xlarge	us-east-1b	2.242100
2026-09-16T03:00:00+00:00	g6e.xlarge	us-east-1a	1.861000
2026-09-16T04:00:00+00:00	g6e.xlarge	us-east-1b	1.665000
2026-09-16T04:00:00+00:00	g6e.xlarge	us-east-1c	1.613700
2026-09-16T04:00:00+00:00	g6e.xlarge	us-east-1d	1.680100
2026-09-16T07:00:00+00:00	g6e.2xlarge	us-east-1a	2.241700
2026-09-16T07:00:00+00:00	g6e.xlarge	us-east-1c	1.616700
2026-09-16T08:00:00+00:00	g6e.2xlarge	us-east-1b	2.242100
2026-09-16T08:00:00+00:00	g6e.2xlarge	us-east-1c	2.242100
2026-09-16T08:00:00+00:00	g6e.2xlarge	us-east-1d	2.066500
2026-09-16T08:00:00+00:00	g6e.xlarge	us-east-1a	1.861000
2026-09-16T10:00:00+00:00	g6e.xlarge	us-east-1b	1.665700
2026-09-16T11:00:00+00:00	g6e.xlarge	us-east-1d	1.679200
2026-09-16T12:00:00+00:00	g6e.xlarge	us-east-1c	1.616700
2026-09-16T13:00:00+00:00	g6e.2xlarge	us-east-1c	2.242100
2026-09-16T15:00:00+00:00	g6e.2xlarge	us-east-1a	2.232700
2026-09-16T15:00:00+00:00	g6e.2xlarge	us-east-1b	2.242100
2026-09-16T15:00:00+00:00	g6e.2xlarge	us-east-1d	2.061500
2026-09-16T16:00:00+00:00	g6e.xlarge	us-east-1b	1.668500
2026-09-16T17:00:00+00:00	g6e.xlarge	us-east-1a	1.861000
2026-09-16T18:00:00+00:00	g6e.xlarge	us-east-1c	1.616700
2026-09-16T19:00:00+00:00	g6e.2xlarge	us-east-1c	2.242100
2026-09-16T19:00:00+00:00	g6e.xlarge	us-east-1d	1.672500
2026-09-16T20:00:00+00:00	g6e.2xlarge	us-east-1d	2.062700
2026-09-16T20:00:00+00:00	g6e.xlarge	us-east-1a	1.861000
2026-09-16T21:00:00+00:00	g6e.2xlarge	us-east-1a	2.218500
2026-09-16T21:00:00+00:00	g6e.2xlarge	us-east-1b	2.242100
2026-09-16T22:00:00+00:00	g6e.2xlarge	us-east-1c	2.242100
2026-09-16T23:00:00+00:00	g6e.xlarge	us-east-1b	1.670300
2026-09-17T01:00:00+00:00	g6e.2xlarge	us-east-1c	2.242100
2026-09-17T01:00:00+00:00	g6e.2xlarge	us-east-1d	2.058400
2026-09-17T01:00:00+00:00	g6e.xlarge	us-east-1a	1.861000
2026-09-17T01:00:00+00:00	g6e.xlarge	us-east-1d	1.666100
2026-09-17T02:00:00+00:00	g6e.xlarge	us-east-1c	1.608200
2026-09-17T04:00:00+00:00	g6e.2xlarge	us-east-1b	2.242100
2026-09-17T05:00:00+00:00	g6e.2xlarge	us-east-1a	2.213400
2026-09-17T06:00:00+00:00	g6e.2xlarge	us-east-1c	2.242100
2026-09-17T06:00:00+00:00	g6e.2xlarge	us-east-1d	2.058400
2026-09-17T07:00:00+00:00	g6e.xlarge	us-east-1b	1.669000
2026-09-17T08:00:00+00:00	g6e.xlarge	us-east-1d	1.664100
2026-09-17T09:00:00+00:00	g6e.xlarge	us-east-1a	1.861000
2026-09-17T09:00:00+00:00	g6e.xlarge	us-east-1c	1.610200
2026-09-17T10:00:00+00:00	g6e.2xlarge	us-east-1b	2.242100
2026-09-17T11:00:00+00:00	g6e.xlarge	us-east-1b	1.669000
2026-09-17T12:00:00+00:00	g6e.xlarge	us-east-1c	1.610200
2026-09-17T13:00:00+00:00	g6e.2xlarge	us-east-1a	2.182200
2026-09-17T13:00:00+00:00	g6e.xlarge	us-east-1a	1.861000
2026-09-17T14:00:00+00:00	g6e.2xlarge	us-east-1d	2.054100
2026-09-17T14:00:00+00:00	g6e.xlarge	us-east-1d	1.661400
2026-09-17T15:00:00+00:00	g6e.2xlarge	us-east-1c	2.242100
2026-09-17T17:00:00+00:00	g6e.2xlarge	us-east-1b	2.242100
2026-09-17T18:00:00+00:00	g6e.2xlarge	us-east-1c	2.242100
2026-09-17T18:00:00+00:00	g6e.xlarge	us-east-1d	1.661400
2026-09-17T19:00:00+00:00	g6e.xlarge	us-east-1b	1.668500
2026-09-17T20:00:00+00:00	g6e.xlarge	us-east-1a	1.861000
2026-09-17T21:00:00+00:00	g6e.2xlarge	us-east-1a	2.176900
2026-09-17T21:00:00+00:00	g6e.xlarge	us-east-1c	1.605600
2026-09-17T22:00:00+00:00	g6e.2xlarge	us-east-1b	2.242100
2026-09-17T22:00:00+00:00	g6e.2xlarge	us-east-1c	2.242100
2026-09-17T22:00:00+00:00	g6e.2xlarge	us-east-1d	2.052900
2026-09-17T22:00:00+00:00	g6e.xlarge	us-east-1d	1.659700
2026-09-17T23:00:00+00:00	g6e.xlarge	us-east-1a	1.861000
2026-09-18T00:00:00+00:00	g6e.xlarge	us-east-1b	1.668500
2026-09-18T00:00:00+00:00	g6e.xlarge	us-east-1c	1.605600
2026-09-18T03:00:00+00:00	g6e.2xlarge	us-east-1c	2.242100
2026-09-18T03:00:00+00:00	g6e.xlarge	us-east-1a	1.861000
2026-09-18T04:00:00+00:00	g6e.2xlarge	us-east-1a	2.175600
2026-09-18T04:00:00+00:00	g6e.2xlarge	us-east-1d	2.046400
2026-09-18T06:00:00+00:00	g6e.2xlarge	us-east-1b	2.242100
2026-09-18T07:00:00+00:00	g6e.xlarge	us-east-1a	1.861000
2026-09-18T07:00:00+00:00	g6e.xlarge	us-east-1c	1.594600
2026-09-18T07:00:00+00:00	g6e.xlarge	us-east-1d	1.652000
2026-09-18T09:00:00+00:00	g6e.2xlarge	us-east-1a	2.175700
2026-09-18T09:00:00+00:00	g6e.xlarge	us-east-1b	1.664400
2026-09-18T12:00:00+00:00	g6e.2xlarge	us-east-1a	2.175700
2026-09-18T12:00:00+00:00	g6e.2xlarge	us-east-1b	2.242100
2026-09-18T12:00:00+00:00	g6e.2xlarge	us-east-1c	2.242100
2026-09-18T12:00:00+00:00	g6e.2xlarge	us-east-1d	2.041800
2026-09-18T12:00:00+00:00	g6e.xlarge	us-east-1c	1.594600
2026-09-18T14:00:00+00:00	g6e.xlarge	us-east-1a	1.861000
2026-09-18T15:00:00+00:00	g6e.2xlarge	us-east-1d	2.040800
2026-09-18T16:00:00+00:00	g6e.2xlarge	us-east-1a	2.179300
2026-09-18T16:00:00+00:00	g6e.xlarge	us-east-1d	1.645800
2026-09-18T17:00:00+00:00	g6e.2xlarge	us-east-1c	2.242100
2026-09-18T17:00:00+00:00	g6e.xlarge	us-east-1b	1.666700
2026-09-18T18:00:00+00:00	g6e.2xlarge	us-east-1d	2.040800
2026-09-18T18:00:00+00:00	g6e.xlarge	us-east-1c	1.594700
2026-09-18T20:00:00+00:00	g6e.2xlarge	us-east-1c	2.242100
2026-09-18T21:00:00+00:00	g6e.2xlarge	us-east-1a	2.182900
2026-09-18T21:00:00+00:00	g6e.2xlarge	us-east-1b	2.242100
2026-09-18T22:00:00+00:00	g6e.xlarge	us-east-1a	1.861000
2026-09-18T22:00:00+00:00	g6e.xlarge	us-east-1d	1.642300
2026-09-19T00:00:00+00:00	g6e.xlarge	us-east-1b	1.666600
2026-09-19T01:00:00+00:00	g6e.2xlarge	us-east-1c	2.242100
2026-09-19T01:00:00+00:00	g6e.2xlarge	us-east-1d	2.040600
2026-09-19T01:00:00+00:00	g6e.xlarge	us-east-1c	1.593800
2026-09-19T02:00:00+00:00	g6e.2xlarge	us-east-1a	2.187300
2026-09-19T02:00:00+00:00	g6e.xlarge	us-east-1a	1.861000
2026-09-19T04:00:00+00:00	g6e.2xlarge	us-east-1c	2.242100
2026-09-19T04:00:00+00:00	g6e.xlarge	us-east-1c	1.590800
2026-09-19T05:00:00+00:00	g6e.2xlarge	us-east-1b	2.242100
2026-09-19T05:00:00+00:00	g6e.2xlarge	us-east-1d	2.036000
2026-09-19T05:00:00+00:00	g6e.xlarge	us-east-1d	1.636400
2026-09-19T06:00:00+00:00	g6e.2xlarge	us-east-1a	2.187300
2026-09-19T06:00:00+00:00	g6e.xlarge	us-east-1b	1.664800
2026-09-19T10:00:00+00:00	g6e.xlarge	us-east-1a	1.861000
2026-09-19T11:00:00+00:00	g6e.2xlarge	us-east-1b	2.242100
2026-09-19T11:00:00+00:00	g6e.2xlarge	us-east-1c	2.242100
2026-09-19T13:00:00+00:00	g6e.2xlarge	us-east-1a	2.196000
2026-09-19T13:00:00+00:00	g6e.2xlarge	us-east-1d	2.037200
2026-09-19T13:00:00+00:00	g6e.xlarge	us-east-1c	1.594200
2026-09-19T13:00:00+00:00	g6e.xlarge	us-east-1d	1.625600
2026-09-19T14:00:00+00:00	g6e.xlarge	us-east-1a	1.861000
2026-09-19T14:00:00+00:00	g6e.xlarge	us-east-1b	1.671300
2026-09-19T15:00:00+00:00	g6e.2xlarge	us-east-1b	2.242100
2026-09-19T16:00:00+00:00	g6e.2xlarge	us-east-1c	2.242100
2026-09-19T17:00:00+00:00	g6e.xlarge	us-east-1d	1.625600
2026-09-19T18:00:00+00:00	g6e.2xlarge	us-east-1d	2.037200
2026-09-19T18:00:00+00:00	g6e.xlarge	us-east-1b	1.671300
2026-09-19T20:00:00+00:00	g6e.2xlarge	us-east-1a	2.199100
2026-09-19T20:00:00+00:00	g6e.xlarge	us-east-1c	1.601900
2026-09-19T21:00:00+00:00	g6e.xlarge	us-east-1a	1.861000
2026-09-19T23:00:00+00:00	g6e.2xlarge	us-east-1b	2.242100
2026-09-19T23:00:00+00:00	g6e.2xlarge	us-east-1d	2.037300
2026-09-20T01:00:00+00:00	g6e.2xlarge	us-east-1c	2.242100
2026-09-20T01:00:00+00:00	g6e.xlarge	us-east-1a	1.861000
2026-09-20T02:00:00+00:00	g6e.2xlarge	us-east-1b	2.242100
2026-09-20T02:00:00+00:00	g6e.xlarge	us-east-1d	1.620000
2026-09-20T03:00:00+00:00	g6e.xlarge	us-east-1b	1.679600
2026-09-20T05:00:00+00:00	g6e.2xlarge	us-east-1a	2.201900
2026-09-20T05:00:00+00:00	g6e.xlarge	us-east-1c	1.606500
2026-09-20T06:00:00+00:00	g6e.2xlarge	us-east-1d	2.035400
2026-09-20T06:00:00+00:00	g6e.xlarge	us-east-1d	1.619000
2026-09-20T07:00:00+00:00	g6e.xlarge	us-east-1a	1.861000
2026-09-20T09:00:00+00:00	g6e.xlarge	us-east-1b	1.687500
2026-09-20T10:00:00+00:00	g6e.2xlarge	us-east-1a	2.209700
2026-09-20T10:00:00+00:00	g6e.2xlarge	us-east-1b	2.242100
2026-09-20T10:00:00+00:00	g6e.2xlarge	us-east-1c	2.242100
2026-09-20T13:00:00+00:00	g6e.2xlarge	us-east-1d	2.050100
2026-09-20T14:00:00+00:00	g6e.xlarge	us-east-1a	1.861000
2026-09-20T14:00:00+00:00	g6e.xlarge	us-east-1c	1.630300
2026-09-20T15:00:00+00:00	g6e.xlarge	us-east-1d	1.609200
2026-09-20T16:00:00+00:00	g6e.2xlarge	us-east-1d	2.059200
2026-09-20T18:00:00+00:00	g6e.xlarge	us-east-1b	1.694800
2026-09-20T18:00:00+00:00	g6e.xlarge	us-east-1c	1.649800
2026-09-20T19:00:00+00:00	g6e.2xlarge	us-east-1a	2.232400
2026-09-20T19:00:00+00:00	g6e.2xlarge	us-east-1b	2.242100
2026-09-20T19:00:00+00:00	g6e.2xlarge	us-east-1c	2.242100
2026-09-20T21:00:00+00:00	g6e.xlarge	us-east-1a	1.861000
2026-09-20T22:00:00+00:00	g6e.xlarge	us-east-1b	1.702200
2026-09-21T00:00:00+00:00	g6e.xlarge	us-east-1d	1.603400
2026-09-21T01:00:00+00:00	g6e.2xlarge	us-east-1a	2.237100
2026-09-21T01:00:00+00:00	g6e.2xlarge	us-east-1d	2.077300
2026-09-21T01:00:00+00:00	g6e.xlarge	us-east-1c	1.651000
2026-09-21T02:00:00+00:00	g6e.2xlarge	us-east-1c	2.242100
2026-09-21T03:00:00+00:00	g6e.2xlarge	us-east-1b	2.242100
2026-09-21T04:00:00+00:00	g6e.2xlarge	us-east-1d	2.077300
2026-09-21T04:00:00+00:00	g6e.xlarge	us-east-1d	1.593200
2026-09-21T05:00:00+00:00	g6e.2xlarge	us-east-1c	2.242100
2026-09-21T05:00:00+00:00	g6e.xlarge	us-east-1a	1.861000
2026-09-21T05:00:00+00:00	g6e.xlarge	us-east-1b	1.720900
2026-09-21T05:00:00+00:00	g6e.xlarge	us-east-1c	1.672100
2026-09-21T06:00:00+00:00	g6e.2xlarge	us-east-1a	2.237100
2026-09-21T09:00:00+00:00	g6e.2xlarge	us-east-1a	2.238600
2026-09-21T09:00:00+00:00	g6e.2xlarge	us-east-1d	2.098300
2026-09-21T10:00:00+00:00	g6e.xlarge	us-east-1b	1.750900
2026-09-21T11:00:00+00:00	g6e.2xlarge	us-east-1b	2.242000
2026-09-21T11:00:00+00:00	g6e.2xlarge	us-east-1c	2.242100
2026-09-21T12:00:00+00:00	g6e.2xlarge	us-east-1d	2.106200
2026-09-21T12:00:00+00:00	g6e.xlarge	us-east-1c	1.706000
2026-09-21T13:00:00+00:00	g6e.xlarge	us-east-1d	1.619700
2026-09-21T14:00:00+00:00	g6e.xlarge	us-east-1a	1.861000
2026-09-21T15:00:00+00:00	g6e.2xlarge	us-east-1c	2.242100
2026-09-21T16:00:00+00:00	g6e.xlarge	us-east-1d	1.619700
2026-09-21T17:00:00+00:00	g6e.2xlarge	us-east-1a	2.242100
2026-09-21T17:00:00+00:00	g6e.xlarge	us-east-1b	1.751300
2026-09-21T19:00:00+00:00	g6e.xlarge	us-east-1d	1.626600
2026-09-21T20:00:00+00:00	g6e.2xlarge	us-east-1b	2.239900
2026-09-21T20:00:00+00:00	g6e.2xlarge	us-east-1d	2.115400
2026-09-21T21:00:00+00:00	g6e.2xlarge	us-east-1a	2.242100
2026-09-21T21:00:00+00:00	g6e.xlarge	us-east-1a	1.861000
2026-09-21T21:00:00+00:00	g6e.xlarge	us-east-1c	1.744500
2026-09-21T23:00:00+00:00	g6e.2xlarge	us-east-1b	2.238300
2026-09-21T23:00:00+00:00	g6e.2xlarge	us-east-1c	2.242100
2026-09-21T23:00:00+00:00	g6e.xlarge	us-east-1d	1.631000
2026-09-22T00:00:00+00:00	g6e.xlarge	us-east-1b	1.786200
2026-09-22T01:00:00+00:00	g6e.xlarge	us-east-1a	1.861000
2026-09-22T03:00:00+00:00	g6e.2xlarge	us-east-1b	2.236000
2026-09-22T03:00:00+00:00	g6e.xlarge	us-east-1c	1.773900
2026-09-22T03:00:00+00:00	g6e.xlarge	us-east-1d	1.657600
2026-09-22T04:00:00+00:00	g6e.2xlarge	us-east-1a	2.242100
2026-09-22T05:00:00+00:00	g6e.2xlarge	us-east-1c	2.242100
2026-09-22T05:00:00+00:00	g6e.2xlarge	us-east-1d	2.159300
2026-09-22T05:00:00+00:00	g6e.xlarge	us-east-1b	1.795900
2026-09-22T06:00:00+00:00	g6e.xlarge	us-east-1d	1.657600
2026-09-22T08:00:00+00:00	g6e.xlarge	us-east-1c	1.791700
2026-09-22T09:00:00+00:00	g6e.2xlarge	us-east-1a	2.242100
2026-09-22T09:00:00+00:00	g6e.2xlarge	us-east-1d	2.191800
2026-09-22T09:00:00+00:00	g6e.xlarge	us-east-1b	1.799300
2026-09-22T10:00:00+00:00	g6e.2xlarge	us-east-1c	2.242100
2026-09-22T10:00:00+00:00	g6e.xlarge	us-east-1a	1.861000
2026-09-22T11:00:00+00:00	g6e.2xlarge	us-east-1b	2.229100
2026-09-22T12:00:00+00:00	g6e.xlarge	us-east-1c	1.815800
2026-09-22T12:00:00+00:00	g6e.xlarge	us-east-1d	1.659500
2026-09-22T15:00:00+00:00	g6e.2xlarge	us-east-1b	2.242100
2026-09-22T15:00:00+00:00	g6e.2xlarge	us-east-1c	2.242100
2026-09-22T15:00:00+00:00	g6e.2xlarge	us-east-1d	2.214200
2026-09-22T16:00:00+00:00	g6e.xlarge	us-east-1b	1.820100
2026-09-22T17:00:00+00:00	g6e.2xlarge	us-east-1a	2.242100
2026-09-22T18:00:00+00:00	g6e.xlarge	us-east-1a	1.861000
2026-09-22T19:00:00+00:00	g6e.2xlarge	us-east-1b	2.242100
2026-09-22T20:00:00+00:00	g6e.xlarge	us-east-1c	1.843300
2026-09-22T21:00:00+00:00	g6e.xlarge	us-east-1b	1.837900
2026-09-22T21:00:00+00:00	g6e.xlarge	us-east-1d	1.697900
2026-09-22T22:00:00+00:00	g6e.2xlarge	us-east-1b	2.242100
2026-09-22T23:00:00+00:00	g6e.2xlarge	us-east-1a	2.242100
2026-09-22T23:00:00+00:00	g6e.2xlarge	us-east-1c	2.242100
2026-09-22T23:00:00+00:00	g6e.xlarge	us-east-1a	1.861000
2026-09-23T00:00:00+00:00	g6e.2xlarge	us-east-1d	2.237300
2026-09-23T02:00:00+00:00	g6e.2xlarge	us-east-1c	2.242100
2026-09-23T03:00:00+00:00	g6e.2xlarge	us-east-1b	2.242100
2026-09-23T03:00:00+00:00	g6e.xlarge	us-east-1c	1.856000
2026-09-23T03:00:00+00:00	g6e.xlarge	us-east-1d	1.700900
2026-09-23T04:00:00+00:00	g6e.2xlarge	us-east-1a	2.242100
2026-09-23T04:00:00+00:00	g6e.xlarge	us-east-1b	1.844200
2026-09-23T06:00:00+00:00	g6e.2xlarge	us-east-1b	2.242100
2026-09-23T06:00:00+00:00	g6e.xlarge	us-east-1a	1.861000
2026-09-23T06:00:00+00:00	g6e.xlarge	us-east-1c	1.860900
2026-09-23T07:00:00+00:00	g6e.2xlarge	us-east-1d	2.242100
2026-09-23T09:00:00+00:00	g6e.xlarge	us-east-1a	1.861000
2026-09-23T09:00:00+00:00	g6e.xlarge	us-east-1d	1.712100
2026-09-23T10:00:00+00:00	g6e.2xlarge	us-east-1c	2.242100
2026-09-23T10:00:00+00:00	g6e.xlarge	us-east-1c	1.861000
2026-09-23T11:00:00+00:00	g6e.2xlarge	us-east-1a	2.242100
2026-09-23T11:00:00+00:00	g6e.2xlarge	us-east-1b	2.242100
2026-09-23T12:00:00+00:00	g6e.2xlarge	us-east-1d	2.242100
2026-09-23T12:00:00+00:00	g6e.xlarge	us-east-1b	1.857100
2026-09-23T12:00:00+00:00	g6e.xlarge	us-east-1d	1.712100
2026-09-23T13:00:00+00:00	g6e.xlarge	us-east-1a	1.851200
2026-09-23T13:00:00+00:00	g6e.xlarge	us-east-1c	1.852800
2026-09-23T16:00:00+00:00	g6e.2xlarge	us-east-1a	2.232300
2026-09-23T16:00:00+00:00	g6e.xlarge	us-east-1c	1.851200
2026-09-23T17:00:00+00:00	g6e.xlarge	us-east-1a	1.851200
2026-09-23T18:00:00+00:00	g6e.2xlarge	us-east-1d	2.237400
2026-09-23T19:00:00+00:00	g6e.2xlarge	us-east-1b	2.228300
2026-09-23T19:00:00+00:00	g6e.2xlarge	us-east-1c	2.236100
2026-09-23T19:00:00+00:00	g6e.xlarge	us-east-1b	1.840400
2026-09-23T21:00:00+00:00	g6e.xlarge	us-east-1d	1.718100
2026-09-23T23:00:00+00:00	g6e.2xlarge	us-east-1c	2.228300
2026-09-24T00:00:00+00:00	g6e.xlarge	us-east-1b	1.830900
2026-09-24T00:00:00+00:00	g6e.xlarge	us-east-1d	1.718100
2026-09-24T01:00:00+00:00	g6e.2xlarge	us-east-1a	2.226200
2026-09-24T01:00:00+00:00	g6e.2xlarge	us-east-1b	2.226200
2026-09-24T01:00:00+00:00	g6e.xlarge	us-east-1a	1.847800
2026-09-24T01:00:00+00:00	g6e.xlarge	us-east-1c	1.847800
2026-09-24T02:00:00+00:00	g6e.2xlarge	us-east-1d	2.226200
2026-09-24T04:00:00+00:00	g6e.2xlarge	us-east-1a	2.226200
2026-09-24T04:00:00+00:00	g6e.2xlarge	us-east-1b	2.226200
2026-09-24T04:00:00+00:00	g6e.2xlarge	us-east-1c	2.226200
2026-09-24T04:00:00+00:00	g6e.xlarge	us-east-1c	1.847800
2026-09-24T05:00:00+00:00	g6e.xlarge	us-east-1d	1.715100
2026-09-24T07:00:00+00:00	g6e.xlarge	us-east-1a	1.845900
2026-09-24T08:00:00+00:00	g6e.2xlarge	us-east-1b	2.223900
2026-09-24T08:00:00+00:00	g6e.2xlarge	us-east-1d	2.223900
2026-09-24T08:00:00+00:00	g6e.xlarge	us-east-1b	1.832300
2026-09-24T08:00:00+00:00	g6e.xlarge	us-east-1c	1.845900
2026-09-24T11:00:00+00:00	g6e.2xlarge	us-east-1a	2.223900
2026-09-24T12:00:00+00:00	g6e.2xlarge	us-east-1c	2.223900
2026-09-24T12:00:00+00:00	g6e.xlarge	us-east-1a	1.845900
2026-09-24T12:00:00+00:00	g6e.xlarge	us-east-1d	1.719000
2026-09-24T13:00:00+00:00	g6e.2xlarge	us-east-1d	2.221500
2026-09-24T13:00:00+00:00	g6e.xlarge	us-east-1c	1.843900
2026-09-24T15:00:00+00:00	g6e.xlarge	us-east-1d	1.718100
2026-09-24T16:00:00+00:00	g6e.2xlarge	us-east-1b	2.221500
2026-09-24T16:00:00+00:00	g6e.xlarge	us-east-1b	1.839700
2026-09-24T17:00:00+00:00	g6e.2xlarge	us-east-1a	2.221500
2026-09-24T17:00:00+00:00	g6e.xlarge	us-east-1a	1.843900
2026-09-24T18:00:00+00:00	g6e.2xlarge	us-east-1d	2.221500
2026-09-24T20:00:00+00:00	g6e.2xlarge	us-east-1c	2.219900
2026-09-24T20:00:00+00:00	g6e.xlarge	us-east-1b	1.842600
2026-09-24T20:00:00+00:00	g6e.xlarge	us-east-1d	1.714900
2026-09-24T21:00:00+00:00	g6e.xlarge	us-east-1a	1.842600
2026-09-24T22:00:00+00:00	g6e.2xlarge	us-east-1b	2.219900
2026-09-24T22:00:00+00:00	g6e.xlarge	us-east-1c	1.842600
2026-09-24T23:00:00+00:00	g6e.2xlarge	us-east-1a	2.219900
2026-09-24T23:00:00+00:00	g6e.2xlarge	us-east-1c	2.219900
2026-09-25T01:00:00+00:00	g6e.xlarge	us-east-1c	1.841300
2026-09-25T02:00:00+00:00	g6e.2xlarge	us-east-1b	2.218400
2026-09-25T02:00:00+00:00	g6e.2xlarge	us-east-1d	2.218400
2026-09-25T03:00:00+00:00	g6e.2xlarge	us-east-1a	2.218400
2026-09-25T03:00:00+00:00	g6e.xlarge	us-east-1a	1.841300
2026-09-25T03:00:00+00:00	g6e.xlarge	us-east-1b	1.841300
2026-09-25T05:00:00+00:00	g6e.2xlarge	us-east-1c	2.218400
2026-09-25T05:00:00+00:00	g6e.2xlarge	us-east-1d	2.218400
2026-09-25T05:00:00+00:00	g6e.xlarge	us-east-1d	1.721400
2026-09-25T07:00:00+00:00	g6e.xlarge	us-east-1b	1.840000
2026-09-25T07:00:00+00:00	g6e.xlarge	us-east-1c	1.840000
2026-09-25T08:00:00+00:00	g6e.xlarge	us-east-1a	1.840000
2026-09-25T09:00:00+00:00	g6e.2xlarge	us-east-1a	2.216800
2026-09-25T10:00:00+00:00	g6e.2xlarge	us-east-1b	2.216800
2026-09-25T10:00:00+00:00	g6e.xlarge	us-east-1b	1.840000
2026-09-25T11:00:00+00:00	g6e.2xlarge	us-east-1d	2.216800
2026-09-25T13:00:00+00:00	g6e.2xlarge	us-east-1c	2.215300
2026-09-25T14:00:00+00:00	g6e.xlarge	us-east-1d	1.739000
2026-09-25T15:00:00+00:00	g6e.xlarge	us-east-1b	1.838500
2026-09-25T16:00:00+00:00	g6e.2xlarge	us-east-1a	2.214900
2026-09-25T16:00:00+00:00	g6e.2xlarge	us-east-1d	2.214900
2026-09-25T16:00:00+00:00	g6e.xlarge	us-east-1c	1.838500
2026-09-25T17:00:00+00:00	g6e.2xlarge	us-east-1c	2.214900
2026-09-25T17:00:00+00:00	g6e.xlarge	us-east-1a	1.838500
2026-09-25T18:00:00+00:00	g6e.2xlarge	us-east-1b	2.216500
2026-09-25T19:00:00+00:00	g6e.xlarge	us-east-1b	1.836900
2026-09-25T19:00:00+00:00	g6e.xlarge	us-east-1c	1.836900
2026-09-25T20:00:00+00:00	g6e.2xlarge	us-east-1a	2.213000
2026-09-25T21:00:00+00:00	g6e.xlarge	us-east-1a	1.836900
2026-09-25T22:00:00+00:00	g6e.xlarge	us-east-1b	1.836900
2026-09-25T23:00:00+00:00	g6e.2xlarge	us-east-1c	2.213000
2026-09-25T23:00:00+00:00	g6e.2xlarge	us-east-1d	2.213000
2026-09-25T23:00:00+00:00	g6e.xlarge	us-east-1d	1.753800
2026-09-26T01:00:00+00:00	g6e.2xlarge	us-east-1a	2.210900
2026-09-26T03:00:00+00:00	g6e.2xlarge	us-east-1b	2.215800
2026-09-26T03:00:00+00:00	g6e.xlarge	us-east-1d	1.778100
2026-09-26T04:00:00+00:00	g6e.xlarge	us-east-1a	1.835100
2026-09-26T04:00:00+00:00	g6e.xlarge	us-east-1c	1.835100
2026-09-26T05:00:00+00:00	g6e.2xlarge	us-east-1d	2.210900
2026-09-26T06:00:00+00:00	g6e.2xlarge	us-east-1a	2.210900
2026-09-26T07:00:00+00:00	g6e.xlarge	us-east-1b	1.836000
2026-09-26T08:00:00+00:00	g6e.2xlarge	us-east-1b	2.215500
2026-09-26T08:00:00+00:00	g6e.2xlarge	us-east-1c	2.210000
2026-09-26T09:00:00+00:00	g6e.2xlarge	us-east-1a	2.210000
2026-09-26T10:00:00+00:00	g6e.2xlarge	us-east-1d	2.210000
2026-09-26T11:00:00+00:00	g6e.2xlarge	us-east-1b	2.210000
2026-09-26T11:00:00+00:00	g6e.xlarge	us-east-1d	1.805900
2026-09-26T12:00:00+00:00	g6e.2xlarge	us-east-1a	2.210000
2026-09-26T12:00:00+00:00	g6e.xlarge	us-east-1a	1.834400
2026-09-26T12:00:00+00:00	g6e.xlarge	us-east-1c	1.834400
2026-09-26T15:00:00+00:00	g6e.2xlarge	us-east-1d	2.209700
2026-09-26T15:00:00+00:00	g6e.xlarge	us-east-1a	1.834100
2026-09-26T15:00:00+00:00	g6e.xlarge	us-east-1b	1.834100
2026-09-26T15:00:00+00:00	g6e.xlarge	us-east-1c	1.834100
2026-09-26T15:00:00+00:00	g6e.xlarge	us-east-1d	1.820200
2026-09-26T16:00:00+00:00	g6e.2xlarge	us-east-1c	2.209700
2026-09-26T18:00:00+00:00	g6e.xlarge	us-east-1a	1.834100
2026-09-26T19:00:00+00:00	g6e.2xlarge	us-east-1b	2.209400
2026-09-26T20:00:00+00:00	g6e.2xlarge	us-east-1a	2.209400
2026-09-26T23:00:00+00:00	g6e.2xlarge	us-east-1d	2.209400
2026-09-26T23:00:00+00:00	g6e.xlarge	us-east-1b	1.833900
2026-09-26T23:00:00+00:00	g6e.xlarge	us-east-1c	1.833900
2026-09-26T23:00:00+00:00	g6e.xlarge	us-east-1d	1.828600
2026-09-27T00:00:00+00:00	g6e.2xlarge	us-east-1b	2.209400
2026-09-27T01:00:00+00:00	g6e.2xlarge	us-east-1c	2.209800
2026-09-27T01:00:00+00:00	g6e.xlarge	us-east-1a	1.834200
2026-09-27T03:00:00+00:00	g6e.2xlarge	us-east-1a	2.209800
2026-09-27T03:00:00+00:00	g6e.2xlarge	us-east-1b	2.209800
2026-09-27T04:00:00+00:00	g6e.xlarge	us-east-1b	1.834200
2026-09-27T04:00:00+00:00	g6e.xlarge	us-east-1d	1.834200
2026-09-27T05:00:00+00:00	g6e.xlarge	us-east-1a	1.834200
2026-09-27T05:00:00+00:00	g6e.xlarge	us-east-1c	1.834200
2026-09-27T07:00:00+00:00	g6e.2xlarge	us-east-1a	2.210800
2026-09-27T07:00:00+00:00	g6e.xlarge	us-east-1d	1.835100
2026-09-27T08:00:00+00:00	g6e.2xlarge	us-east-1d	2.210800
2026-09-27T10:00:00+00:00	g6e.2xlarge	us-east-1c	2.210800
2026-09-27T10:00:00+00:00	g6e.xlarge	us-east-1d	1.835100
2026-09-27T11:00:00+00:00	g6e.2xlarge	us-east-1a	2.210800
2026-09-27T11:00:00+00:00	g6e.xlarge	us-east-1c	1.835100
2026-09-27T12:00:00+00:00	g6e.2xlarge	us-east-1b	2.210800
2026-09-27T12:00:00+00:00	g6e.xlarge	us-east-1a	1.834800
2026-09-27T12:00:00+00:00	g6e.xlarge	us-east-1b	1.835100
2026-09-27T13:00:00+00:00	g6e.xlarge	us-east-1d	1.835600
2026-09-27T14:00:00+00:00	g6e.2xlarge	us-east-1c	2.211500
2026-09-27T14:00:00+00:00	g6e.xlarge	us-east-1c	1.835600
2026-09-27T15:00:00+00:00	g6e.2xlarge	us-east-1d	2.211500
2026-09-27T15:00:00+00:00	g6e.xlarge	us-east-1b	1.835600
2026-09-27T17:00:00+00:00	g6e.2xlarge	us-east-1a	2.211500
2026-09-27T18:00:00+00:00	g6e.xlarge	us-east-1b	1.835600
2026-09-27T18:00:00+00:00	g6e.xlarge	us-east-1c	1.835600
2026-09-27T19:00:00+00:00	g6e.2xlarge	us-east-1b	2.212000
2026-09-27T21:00:00+00:00	g6e.xlarge	us-east-1a	1.836000
2026-09-27T21:00:00+00:00	g6e.xlarge	us-east-1d	1.836000
2026-09-27T22:00:00+00:00	g6e.2xlarge	us-east-1a	2.212000
2026-09-27T22:00:00+00:00	g6e.2xlarge	us-east-1c	2.212000
2026-09-27T23:00:00+00:00	g6e.xlarge	us-east-1b	1.836000
2026-09-27T23:00:00+00:00	g6e.xlarge	us-east-1c	1.836000
2026-09-28T00:00:00+00:00	g6e.2xlarge	us-east-1d	2.212000
2026-09-28T01:00:00+00:00	g6e.2xlarge	us-east-1b	2.212300
2026-09-28T01:00:00+00:00	g6e.xlarge	us-east-1d	1.836300
2026-09-28T02:00:00+00:00	g6e.xlarge	us-east-1a	1.836300
2026-09-28T02:00:00+00:00	g6e.xlarge	us-east-1c	1.836300
2026-09-28T03:00:00+00:00	g6e.xlarge	us-east-1b	1.836300
2026-09-28T05:00:00+00:00	g6e.xlarge	us-east-1c	1.836300
2026-09-28T07:00:00+00:00	g6e.2xlarge	us-east-1a	2.212800
2026-09-28T07:00:00+00:00	g6e.2xlarge	us-east-1c	2.212800
2026-09-28T07:00:00+00:00	g6e.2xlarge	us-east-1d	2.212800
2026-09-28T07:00:00+00:00	g6e.xlarge	us-east-1a	1.836700
2026-09-28T10:00:00+00:00	g6e.2xlarge	us-east-1a	2.212800
2026-09-28T10:00:00+00:00	g6e.2xlarge	us-east-1b	2.212800
2026-09-28T10:00:00+00:00	g6e.xlarge	us-east-1b	1.836700
2026-09-28T10:00:00+00:00	g6e.xlarge	us-east-1d	1.836700
2026-09-28T14:00:00+00:00	g6e.2xlarge	us-east-1c	2.212700
2026-09-28T14:00:00+00:00	g6e.xlarge	us-east-1c	1.836600
2026-09-28T16:00:00+00:00	g6e.2xlarge	us-east-1d	2.212700
2026-09-28T16:00:00+00:00	g6e.xlarge	us-east-1a	1.836600
2026-09-28T16:00:00+00:00	g6e.xlarge	us-east-1b	1.836600
2026-09-28T17:00:00+00:00	g6e.2xlarge	us-east-1a	2.212700
2026-09-28T17:00:00+00:00	g6e.2xlarge	us-east-1b	2.212700
2026-09-28T18:00:00+00:00	g6e.xlarge	us-east-1d	1.836600
2026-09-28T19:00:00+00:00	g6e.2xlarge	us-east-1c	2.212500
2026-09-28T19:00:00+00:00	g6e.xlarge	us-east-1a	1.836400
2026-09-28T21:00:00+00:00	g6e.xlarge	us-east-1c	1.836400
2026-09-28T23:00:00+00:00	g6e.2xlarge	us-east-1b	2.212500
2026-09-28T23:00:00+00:00	g6e.2xlarge	us-east-1d	2.212500
2026-09-29T00:00:00+00:00	g6e.xlarge	us-east-1b	1.836400
2026-09-29T01:00:00+00:00	g6e.2xlarge	us-east-1a	2.212400
2026-09-29T02:00:00+00:00	g6e.xlarge	us-east-1c	1.836300
2026-09-29T03:00:00+00:00	g6e.2xlarge	us-east-1b	2.212400
2026-09-29T03:00:00+00:00	g6e.xlarge	us-east-1d	1.836300
2026-09-29T04:00:00+00:00	g6e.2xlarge	us-east-1c	2.212400
2026-09-29T04:00:00+00:00	g6e.xlarge	us-east-1a	1.836300
2026-09-29T05:00:00+00:00	g6e.2xlarge	us-east-1d	2.212400
2026-09-29T06:00:00+00:00	g6e.2xlarge	us-east-1a	2.212400
2026-09-29T06:00:00+00:00	g6e.xlarge	us-east-1b	1.836300
2026-09-29T08:00:00+00:00	g6e.2xlarge	us-east-1c	2.212600
2026-09-29T10:00:00+00:00	g6e.2xlarge	us-east-1a	2.212600
2026-09-29T11:00:00+00:00	g6e.xlarge	us-east-1a	1.836500
2026-09-29T11:00:00+00:00	g6e.xlarge	us-east-1b	1.836500
2026-09-29T11:00:00+00:00	g6e.xlarge	us-east-1c	1.836500
2026-09-29T11:00:00+00:00	g6e.xlarge	us-east-1d	1.836500
2026-09-29T12:00:00+00:00	g6e.2xlarge	us-east-1b	2.212600
2026-09-29T12:00:00+00:00	g6e.2xlarge	us-east-1d	2.212600
2026-09-29T13:00:00+00:00	g6e.2xlarge	us-east-1a	2.212100
2026-09-29T14:00:00+00:00	g6e.xlarge	us-east-1c	1.836100
2026-09-29T15:00:00+00:00	g6e.2xlarge	us-east-1c	2.212100
2026-09-29T17:00:00+00:00	g6e.2xlarge	us-east-1b	2.212100
2026-09-29T17:00:00+00:00	g6e.2xlarge	us-east-1d	2.212100
2026-09-29T17:00:00+00:00	g6e.xlarge	us-east-1d	1.836100
2026-09-29T18:00:00+00:00	g6e.2xlarge	us-east-1a	2.212100
2026-09-29T18:00:00+00:00	g6e.xlarge	us-east-1a	1.836100
2026-09-29T19:00:00+00:00	g6e.2xlarge	us-east-1c	2.211500
2026-09-29T19:00:00+00:00	g6e.xlarge	us-east-1b	1.835600
2026-09-29T19:00:00+00:00	g6e.xlarge	us-east-1c	1.835600
2026-09-29T20:00:00+00:00	g6e.2xlarge	us-east-1b	2.211500
2026-09-29T21:00:00+00:00	g6e.xlarge	us-east-1a	1.835600
2026-09-29T22:00:00+00:00	g6e.2xlarge	us-east-1a	2.211500
2026-09-29T22:00:00+00:00	g6e.2xlarge	us-east-1c	2.211500
2026-09-29T22:00:00+00:00	g6e.2xlarge	us-east-1d	2.211500
2026-09-30T01:00:00+00:00	g6e.2xlarge	us-east-1b	2.210600
2026-09-30T01:00:00+00:00	g6e.2xlarge	us-east-1d	2.210600
2026-09-30T01:00:00+00:00	g6e.xlarge	us-east-1b	1.834900
2026-09-30T01:00:00+00:00	g6e.xlarge	us-east-1c	1.834900
2026-09-30T01:00:00+00:00	g6e.xlarge	us-east-1d	1.834900
2026-09-30T02:00:00+00:00	g6e.xlarge	us-east-1a	1.834900
2026-09-30T03:00:00+00:00	g6e.2xlarge	us-east-1a	2.210600
2026-09-30T03:00:00+00:00	g6e.2xlarge	us-east-1c	2.210600
2026-09-30T04:00:00+00:00	g6e.xlarge	us-east-1b	1.834900
2026-09-30T06:00:00+00:00	g6e.2xlarge	us-east-1a	2.210600
2026-09-30T06:00:00+00:00	g6e.xlarge	us-east-1a	1.834900
2026-09-30T06:00:00+00:00	g6e.xlarge	us-east-1d	1.834900
2026-09-30T07:00:00+00:00	g6e.2xlarge	us-east-1c	2.210600
2026-09-30T09:00:00+00:00	g6e.2xlarge	us-east-1b	2.210600
2026-09-30T10:00:00+00:00	g6e.2xlarge	us-east-1d	2.210600
2026-09-30T10:00:00+00:00	g6e.xlarge	us-east-1c	1.834800
2026-09-30T12:00:00+00:00	g6e.xlarge	us-east-1a	1.834800
2026-09-30T13:00:00+00:00	g6e.2xlarge	us-east-1a	2.210600
2026-09-30T13:00:00+00:00	g6e.xlarge	us-east-1b	1.834800
2026-09-30T14:00:00+00:00	g6e.2xlarge	us-east-1b	2.210600
2026-09-30T14:00:00+00:00	g6e.2xlarge	us-east-1c	2.210600
2026-09-30T14:00:00+00:00	g6e.xlarge	us-east-1d	1.834800
2026-09-30T15:00:00+00:00	g6e.xlarge	us-east-1a	1.834800
2026-09-30T15:00:00+00:00	g6e.xlarge	us-east-1c	1.834800
2026-09-30T18:00:00+00:00	g6e.xlarge	us-east-1a	1.834800
2026-09-30T19:00:00+00:00	g6e.2xlarge	us-east-1d	2.210400
2026-09-30T20:00:00+00:00	g6e.2xlarge	us-east-1c	2.210400
2026-09-30T20:00:00+00:00	g6e.xlarge	us-east-1b	1.834700
2026-09-30T21:00:00+00:00	g6e.2xlarge	us-east-1b	2.210400
2026-09-30T21:00:00+00:00	g6e.xlarge	us-east-1c	1.834700
2026-09-30T22:00:00+00:00	g6e.2xlarge	us-east-1a	2.210400
2026-09-30T22:00:00+00:00	g6e.xlarge	us-east-1d	1.834700
2026-10-01T01:00:00+00:00	g6e.2xlarge	us-east-1c	2.210900
2026-10-01T02:00:00+00:00	g6e.2xlarge	us-east-1b	2.210900
2026-10-01T02:00:00+00:00	g6e.xlarge	us-east-1a	1.835100
2026-10-01T02:00:00+00:00	g6e.xlarge	us-east-1b	1.835100
2026-10-01T03:00:00+00:00	g6e.xlarge	us-east-1c	1.835100
2026-10-01T04:00:00+00:00	g6e.2xlarge	us-east-1a	2.210900
2026-10-01T04:00:00+00:00	g6e.2xlarge	us-east-1d	2.210900
2026-10-01T05:00:00+00:00	g6e.2xlarge	us-east-1b	2.210900
2026-10-01T05:00:00+00:00	g6e.2xlarge	us-east-1c	2.210900
2026-10-01T06:00:00+00:00	g6e.xlarge	us-east-1d	1.835100
2026-10-01T07:00:00+00:00	g6e.xlarge	us-east-1a	1.835100
2026-10-01T08:00:00+00:00	g6e.xlarge	us-east-1b	1.835100
2026-10-01T10:00:00+00:00	g6e.2xlarge	us-east-1a	2.210900
2026-10-01T10:00:00+00:00	g6e.2xlarge	us-east-1c	2.210900
2026-10-01T10:00:00+00:00	g6e.xlarge	us-east-1c	1.835100
2026-10-01T10:00:00+00:00	g6e.xlarge	us-east-1d	1.835100
2026-10-01T11:00:00+00:00	g6e.2xlarge	us-east-1b	2.210900
2026-10-01T11:00:00+00:00	g6e.2xlarge	us-east-1d	2.210900
2026-10-01T13:00:00+00:00	g6e.xlarge	us-east-1c	1.835800
2026-10-01T15:00:00+00:00	g6e.2xlarge	us-east-1a	2.211800
2026-10-01T15:00:00+00:00	g6e.2xlarge	us-east-1b	2.211800
2026-10-01T16:00:00+00:00	g6e.xlarge	us-east-1a	1.835800
2026-10-01T16:00:00+00:00	g6e.xlarge	us-east-1d	1.835800
2026-10-01T17:00:00+00:00	g6e.2xlarge	us-east-1d	2.211800
2026-10-01T17:00:00+00:00	g6e.xlarge	us-east-1b	1.835800
2026-10-01T18:00:00+00:00	g6e.2xlarge	us-east-1a	2.211800
2026-10-01T18:00:00+00:00	g6e.2xlarge	us-east-1c	2.211800
2026-10-01T20:00:00+00:00	g6e.xlarge	us-east-1d	1.836100
2026-10-01T21:00:00+00:00	g6e.2xlarge	us-east-1b	2.212100
2026-10-01T21:00:00+00:00	g6e.2xlarge	us-east-1c	2.212100
2026-10-01T21:00:00+00:00	g6e.xlarge	us-east-1a	1.836100
2026-10-01T22:00:00+00:00	g6e.2xlarge	us-east-1a	2.212100
2026-10-01T22:00:00+00:00	g6e.xlarge	us-east-1c	1.836100
2026-10-02T00:00:00+00:00	g6e.xlarge	us-east-1b	1.836100
2026-10-02T01:00:00+00:00	g6e.2xlarge	us-east-1d	2.212200
2026-10-02T02:00:00+00:00	g6e.2xlarge	us-east-1a	2.212200
2026-10-02T03:00:00+00:00	g6e.2xlarge	us-east-1b	2.212200
2026-10-02T03:00:00+00:00	g6e.xlarge	us-east-1d	1.836200
2026-10-02T04:00:00+00:00	g6e.2xlarge	us-east-1c	2.212200
2026-10-02T05:00:00+00:00	g6e.xlarge	us-east-1a	1.836200
2026-10-02T05:00:00+00:00	g6e.xlarge	us-east-1c	1.836200
2026-10-02T06:00:00+00:00	g6e.2xlarge	us-east-1b	2.212200
2026-10-02T06:00:00+00:00	g6e.2xlarge	us-east-1d	2.212200
2026-10-02T07:00:00+00:00	g6e.xlarge	us-east-1b	1.836500
2026-10-02T08:00:00+00:00	g6e.2xlarge	us-east-1a	2.212500
2026-10-02T08:00:00+00:00	g6e.2xlarge	us-east-1c	2.212500
2026-10-02T08:00:00+00:00	g6e.xlarge	us-east-1a	1.836500
2026-10-02T09:00:00+00:00	g6e.2xlarge	us-east-1b	2.212500
2026-10-02T10:00:00+00:00	g6e.xlarge	us-east-1b	1.836500
2026-10-02T10:00:00+00:00	g6e.xlarge	us-east-1d	1.836500
2026-10-02T11:00:00+00:00	g6e.2xlarge	us-east-1d	2.212500
2026-10-02T13:00:00+00:00	g6e.xlarge	us-east-1b	1.836800
2026-10-02T13:00:00+00:00	g6e.xlarge	us-east-1c	1.836800
2026-10-02T14:00:00+00:00	g6e.xlarge	us-east-1a	1.836800
2026-10-02T16:00:00+00:00	g6e.2xlarge	us-east-1c	2.213000
2026-10-02T16:00:00+00:00	g6e.xlarge	us-east-1b	1.836800
2026-10-02T17:00:00+00:00	g6e.2xlarge	us-east-1a	2.213000
2026-10-02T18:00:00+00:00	g6e.2xlarge	us-east-1b	2.213000
2026-10-02T18:00:00+00:00	g6e.xlarge	us-east-1a	1.836800
2026-10-02T19:00:00+00:00	g6e.xlarge	us-east-1d	1.837500
2026-10-02T20:00:00+00:00	g6e.2xlarge	us-east-1a	2.213800
2026-10-02T20:00:00+00:00	g6e.2xlarge	us-east-1c	2.213800
2026-10-02T20:00:00+00:00	g6e.2xlarge	us-east-1d	2.213800
2026-10-02T21:00:00+00:00	g6e.xlarge	us-east-1b	1.837500
2026-10-02T21:00:00+00:00	g6e.xlarge	us-east-1c	1.837500
2026-10-02T23:00:00+00:00	g6e.2xlarge	us-east-1c	2.213800
2026-10-02T23:00:00+00:00	g6e.xlarge	us-east-1a	1.837500
2026-10-03T01:00:00+00:00	g6e.2xlarge	us-east-1b	2.214300
2026-10-03T01:00:00+00:00	g6e.xlarge	us-east-1c	1.837900
2026-10-03T01:00:00+00:00	g6e.xlarge	us-east-1d	1.837900
2026-10-03T03:00:00+00:00	g6e.2xlarge	us-east-1a	2.214300
2026-10-03T03:00:00+00:00	g6e.xlarge	us-east-1a	1.837900
2026-10-03T03:00:00+00:00	g6e.xlarge	us-east-1b	1.837900
2026-10-03T04:00:00+00:00	g6e.2xlarge	us-east-1d	2.214300
2026-10-03T05:00:00+00:00	g6e.xlarge	us-east-1d	1.837900
2026-10-03T06:00:00+00:00	g6e.2xlarge	us-east-1a	2.214300
2026-10-03T06:00:00+00:00	g6e.2xlarge	us-east-1c	2.214300
